tournament_id,level,gender,year,team,lang,page_title,shirt_no,display_name,recovered_qid,method,score,local_article,local_display
u17m2001,u17,m,2001,Japan,vi,Danh sách cầu thủ tham dự giải vô địch bóng đá U-17 thế giới 2001,12,Hisanori Ogawa,Q11460339,shirt_number,1.00,Hisanori Ogawa,Hisanori Ogawa
u17m2001,u17,m,2001,Japan,vi,Danh sách cầu thủ tham dự giải vô địch bóng đá U-17 thế giới 2001,13,Sho Kitano,Q4386620,shirt_number,1.00,Sho Kitano,Sho Kitano
u17m2003,u17,m,2003,Colombia,ar,قوائم منتخبات كأس العالم تحت 17 سنة لكرة القدم 2003,4,Victor Vargas,Q18720299,shirt_number,1.00,فيكتور فارغاس,فيكتور فارغاس
u17m2003,u17,m,2003,Mexico,ar,قوائم منتخبات كأس العالم تحت 17 سنة لكرة القدم 2003,16,Pedro Osorio,Q1749863,shirt_number,1.00,بيدرو أوسوريو,بيدرو أوسوريو
u17m2003,u17,m,2003,Mexico,ar,قوائم منتخبات كأس العالم تحت 17 سنة لكرة القدم 2003,18,José De Santiago,Q6293975,shirt_number,1.00,خوسيه سانتياغو,خوسيه سانتياغو
u17m2003,u17,m,2003,Portugal,ar,قوائم منتخبات كأس العالم تحت 17 سنة لكرة القدم 2003,5,Tiago Costa,Q7800058,shirt_number,1.00,تياغو كوستا,تياغو كوستا
u17m2003,u17,m,2003,South Korea,ar,قوائم منتخبات كأس العالم تحت 17 سنة لكرة القدم 2003,2,Kim Jung-hoon,Q372575,shirt_number,1.00,كم جونغ هن (لاعب كرة قدم),كيم جونغ هون
u17m2003,u17,m,2003,South Korea,ar,قوائم منتخبات كأس العالم تحت 17 سنة لكرة القدم 2003,14,Kim Jun,Q485678,shirt_number,1.00,كيم جون,كيم جون
u17m2003,u17,m,2003,Yemen,ar,قوائم منتخبات كأس العالم تحت 17 سنة لكرة القدم 2003,4,Yaser Al-Badani,Q8049879,shirt_number,1.00,ياسر البعداني,ياسر البعداني
u17m2003,u17,m,2003,Yemen,ar,قوائم منتخبات كأس العالم تحت 17 سنة لكرة القدم 2003,7,Fuad Al-Ammari,Q20851300,shirt_number,1.00,فؤاد العماري,فؤاد العماري
u17m2003,u17,m,2003,Yemen,ar,قوائم منتخبات كأس العالم تحت 17 سنة لكرة القدم 2003,11,Ebrahim Saleh,Q16297551,shirt_number,1.00,إبراهيم صالح,إبراهيم صالح
u17m2005,u17,m,2005,Turkey,vi,Danh sách cầu thủ tham dự giải vô địch bóng đá U-17 thế giới 2005,4,Erkan Ferin,Q715772,shirt_number,1.00,Đội trưởng (bóng đá),c
u17m2007,u17,m,2007,Ghana,vi,Danh sách cầu thủ tham dự giải vô địch bóng đá U-17 thế giới 2007,2,Abdulai Seidu,Q4665776,shirt_number,1.00,Abdulai Seidu,Abdulai Seidu
u17m2007,u17,m,2007,Ghana,vi,Danh sách cầu thủ tham dự giải vô địch bóng đá U-17 thế giới 2007,13,Meisuna Alhassan,Q6810349,shirt_number,1.00,Meisuna Alhassan,Meisuna Alhassan
u17m2007,u17,m,2007,Japan,vi,Danh sách cầu thủ tham dự giải vô địch bóng đá U-17 thế giới 2007,21,Satoshi Yoshida,Q7426427,shirt_number,1.00,Satoshi Yoshida,Satoshi Yoshida
u17m2009,u17,m,2009,Japan,vi,Danh sách cầu thủ tham dự giải vô địch bóng đá U-17 thế giới 2009,1,Jun Kamita,Q6311467,shirt_number,1.00,Jun Kamita,Jun Kamita
u17m2009,u17,m,2009,Japan,vi,Danh sách cầu thủ tham dự giải vô địch bóng đá U-17 thế giới 2009,6,Koji Takano,Q6426466,shirt_number,1.00,Koji Takano,Koji Takano
u17m2009,u17,m,2009,Japan,vi,Danh sách cầu thủ tham dự giải vô địch bóng đá U-17 thế giới 2009,18,Yasuhiro Watanabe,Q11562379,shirt_number,1.00,Yasuhiro Watanabe,Yasuhiro Watanabe
u17m2009,u17,m,2009,Japan,vi,Danh sách cầu thủ tham dự giải vô địch bóng đá U-17 thế giới 2009,21,Koki Matsuzawa,Q24082818,shirt_number,1.00,Koki Matsuzawa,Koki Matsuzawa
u17m2011,u17,m,2011,Argentina,es,Anexo:Equipos participantes en la Copa Mundial de Fútbol Sub-17 de 2011,13,Maximiliano Padilla,Q6007507,shirt_number,1.00,Maximiliano Padilla,Maximiliano Padilla
u17m2011,u17,m,2011,Argentina,es,Anexo:Equipos participantes en la Copa Mundial de Fútbol Sub-17 de 2011,21,Nicolás Carrasco,Q57497229,shirt_number,1.00,Nicolás Carrasco,Nicolás Carrasco
u17m2011,u17,m,2011,Czech Republic,es,Anexo:Equipos participantes en la Copa Mundial de Fútbol Sub-17 de 2011,3,Jan Filip,Q348713,shirt_number,1.00,Jan Filip,Jan Filip
u17m2011,u17,m,2011,Czech Republic,es,Anexo:Equipos participantes en la Copa Mundial de Fútbol Sub-17 de 2011,15,Jan Štěrba,Q3079683,shirt_number,1.00,Jan Štěrba,Jan Štěrba
u17m2011,u17,m,2011,Ecuador,es,Anexo:Equipos participantes en la Copa Mundial de Fútbol Sub-17 de 2011,1,Walter Chávez,Q75727781,shirt_number,1.00,Walter Chávez (futbolista),Walter Chávez
u17m2011,u17,m,2011,Ecuador,es,Anexo:Equipos participantes en la Copa Mundial de Fútbol Sub-17 de 2011,2,Jaime Jordan,Q21065364,shirt_number,1.00,Jordan Jaime Plata,Jordan Jaime
u17m2011,u17,m,2011,Ecuador,es,Anexo:Equipos participantes en la Copa Mundial de Fútbol Sub-17 de 2011,4,Ridder Alcívar,Q23668570,shirt_number,1.00,Ridder Alcívar,Ridder Alcívar
u17m2011,u17,m,2011,Ecuador,es,Anexo:Equipos participantes en la Copa Mundial de Fútbol Sub-17 de 2011,12,Darwin Cuero,Q63339688,shirt_number,1.00,Darwin Cuero,Darwin Cuero
u17m2011,u17,m,2011,Ecuador,es,Anexo:Equipos participantes en la Copa Mundial de Fútbol Sub-17 de 2011,14,Eddy Corozo,Q21070693,shirt_number,1.00,Eddy Corozo,Eddy Corozo
u17m2011,u17,m,2011,Ecuador,es,Anexo:Equipos participantes en la Copa Mundial de Fútbol Sub-17 de 2011,20,Dennys Hurtado,Q5802748,shirt_number,1.00,Dennys Hurtado,Dennys Hurtado
u17m2011,u17,m,2011,Ecuador,es,Anexo:Equipos participantes en la Copa Mundial de Fútbol Sub-17 de 2011,21,Israel Gutiérrez,Q18043993,shirt_number,1.00,Israel Gutiérrez,Israel Gutiérrez
u17m2011,u17,m,2011,Mexico,es,Anexo:Equipos participantes en la Copa Mundial de Fútbol Sub-17 de 2011,5,Jorge Caballero,Q124339606,shirt_number,1.00,Jorge Caballero,Jorge Caballero
u17m2011,u17,m,2011,Mexico,es,Anexo:Equipos participantes en la Copa Mundial de Fútbol Sub-17 de 2011,18,José Tostado,Q3186576,shirt_number,1.00,José Tostado,José Tostado
u17m2011,u17,m,2011,Mexico,es,Anexo:Equipos participantes en la Copa Mundial de Fútbol Sub-17 de 2011,21,Dilan Nicoletti,Q3027941,shirt_number,1.00,Dilan Nicolletti,Dilan Nicolletti
u17m2011,u17,m,2011,New Zealand,es,Anexo:Equipos participantes en la Copa Mundial de Fútbol Sub-17 de 2011,1,Scott Basalaj,Q5412901,shirt_number,1.00,Scott Basalaj,Scott Basalaj
u17m2011,u17,m,2011,New Zealand,es,Anexo:Equipos participantes en la Copa Mundial de Fútbol Sub-17 de 2011,6,Jordan Vale,Q11685280,shirt_number,1.00,Jordan Vale,Jordan Vale
u17m2011,u17,m,2011,New Zealand,es,Anexo:Equipos participantes en la Copa Mundial de Fútbol Sub-17 de 2011,13,Cameron Martin,Q100879991,shirt_number,1.00,Cameron Martin,Cameron Martin
u17m2011,u17,m,2011,Panama,es,Anexo:Equipos participantes en la Copa Mundial de Fútbol Sub-17 de 2011,8,Juan Cedeño,Q6299491,shirt_number,1.00,Juan Cedeño,Juan Cedeño
u17m2011,u17,m,2011,Panama,es,Anexo:Equipos participantes en la Copa Mundial de Fútbol Sub-17 de 2011,14,Edson Samms,Q24010733,shirt_number,1.00,Edson Samms,Edson Samms
u17m2011,u17,m,2011,Uruguay,es,Anexo:Equipos participantes en la Copa Mundial de Fútbol Sub-17 de 2011,16,Santiago Charamoni,Q3472865,shirt_number,1.00,Santiago Charamoni,Santiago Charamoni
u17m2011,u17,m,2011,Uruguay,es,Anexo:Equipos participantes en la Copa Mundial de Fútbol Sub-17 de 2011,20,Alejandro Furia,Q2832447,shirt_number,1.00,Alejandro Furia,Alejandro Furia
u17m2013,u17,m,2013,Slovakia,vi,Danh sách cầu thủ tham dự giải vô địch bóng đá U-17 thế giới 2013,15,Šimon Kupec,Q17386214,shirt_number,1.00,Šimon Kupec,Šimon Kupec
u17m2015,u17,m,2015,Argentina,es,Anexo:Equipos participantes en la Copa Mundial de Fútbol Sub-17 de 2015,2,Julián Ferreyra,Q19334163,shirt_number,1.00,Julián Ferreyra,Julián Ferreyra
u17m2015,u17,m,2015,Argentina,es,Anexo:Equipos participantes en la Copa Mundial de Fútbol Sub-17 de 2015,15,Juan Antonio Di Lorenzo,Q19333687,shirt_number,1.00,Juan Antonio Di Lorenzo,Juan Antonio Di Lorenzo
u17m2015,u17,m,2015,Chile,es,Anexo:Equipos participantes en la Copa Mundial de Fútbol Sub-17 de 2015,12,Ignacio Azúa,Q111631169,shirt_number,1.00,Ignacio Azúa,Ignacio Azúa
u17m2015,u17,m,2015,Chile,es,Anexo:Equipos participantes en la Copa Mundial de Fútbol Sub-17 de 2015,14,Luciano Díaz,Q20014558,shirt_number,1.00,Luciano Díaz,Luciano Díaz
u17m2015,u17,m,2015,Chile,es,Anexo:Equipos participantes en la Copa Mundial de Fútbol Sub-17 de 2015,9,Gabriel Mazuela,Q19510690,shirt_number,1.00,Gabriel Mazuela,Gabriel Mazuela
u17m2015,u17,m,2015,Costa Rica,es,Anexo:Equipos participantes en la Copa Mundial de Fútbol Sub-17 de 2015,1,Alejandro Barrientos,Q27643995,shirt_number,1.00,Alejandro Barrientos,Alejandro Barrientos
u17m2015,u17,m,2015,Costa Rica,es,Anexo:Equipos participantes en la Copa Mundial de Fútbol Sub-17 de 2015,13,Miguel Ajú,Q113878747,shirt_number,1.00,Miguel Ajú,Miguel Ajú
u17m2015,u17,m,2015,Costa Rica,es,Anexo:Equipos participantes en la Copa Mundial de Fútbol Sub-17 de 2015,2,Diego Mesén,Q29790965,shirt_number,1.00,Diego Mesén,Diego Mesén
u17m2015,u17,m,2015,Costa Rica,es,Anexo:Equipos participantes en la Copa Mundial de Fútbol Sub-17 de 2015,5,Esteban González,Q29796024,shirt_number,1.00,Esteban González Rivera,Esteban González
u17m2015,u17,m,2015,Costa Rica,es,Anexo:Equipos participantes en la Copa Mundial de Fútbol Sub-17 de 2015,6,Luis Hernández,Q26441355,shirt_number,1.00,Luis José Hernández,Luis Hernández
u17m2015,u17,m,2015,Costa Rica,es,Anexo:Equipos participantes en la Copa Mundial de Fútbol Sub-17 de 2015,16,Daniel Villegas,Q65561693,shirt_number,1.00,Daniel Villegas,Daniel Villegas
u17m2015,u17,m,2015,Costa Rica,es,Anexo:Equipos participantes en la Copa Mundial de Fútbol Sub-17 de 2015,8,Aarón Murillo,Q124309796,shirt_number,1.00,Aarón Murillo,Aarón Murillo
u17m2015,u17,m,2015,Costa Rica,es,Anexo:Equipos participantes en la Copa Mundial de Fútbol Sub-17 de 2015,10,Jonathan Martínez,Q29867839,shirt_number,1.00,Jonathan Martínez,Jonathan Martínez
u17m2015,u17,m,2015,Costa Rica,es,Anexo:Equipos participantes en la Copa Mundial de Fútbol Sub-17 de 2015,20,Eduardo Juárez,Q29791212,shirt_number,1.00,Eduardo Juárez,Eduardo Juárez
u17m2015,u17,m,2015,Costa Rica,es,Anexo:Equipos participantes en la Copa Mundial de Fútbol Sub-17 de 2015,15,Kevin Masís,Q21157943,shirt_number,1.00,Kevin Masís,Kevin Masís
u17m2015,u17,m,2015,Ecuador,es,Anexo:Equipos participantes en la Copa Mundial de Fútbol Sub-17 de 2015,3,Joel Quintero,Q57605548,shirt_number,1.00,Joel Quintero,Joel Quintero
u17m2015,u17,m,2015,Ecuador,es,Anexo:Equipos participantes en la Copa Mundial de Fútbol Sub-17 de 2015,4,Kevin Minda,Q57605550,shirt_number,1.00,Kevin Minda,Kevin Minda
u17m2015,u17,m,2015,Ecuador,es,Anexo:Equipos participantes en la Copa Mundial de Fútbol Sub-17 de 2015,16,José Flor,Q89810724,shirt_number,1.00,José Flor,José Flor
u17m2015,u17,m,2015,Ecuador,es,Anexo:Equipos participantes en la Copa Mundial de Fútbol Sub-17 de 2015,20,Jean Peña,Q101210192,shirt_number,1.00,Jean Peña,Jean Peña
u17m2015,u17,m,2015,Ecuador,es,Anexo:Equipos participantes en la Copa Mundial de Fútbol Sub-17 de 2015,5,Juan Nazareno,Q57605544,shirt_number,1.00,Juan Nazareno,Juan Nazareno
u17m2015,u17,m,2015,Ecuador,es,Anexo:Equipos participantes en la Copa Mundial de Fútbol Sub-17 de 2015,14,Renny Jaramillo,Q28955229,shirt_number,1.00,Renny Jaramillo,Renny Jaramillo
u17m2015,u17,m,2015,Ecuador,es,Anexo:Equipos participantes en la Copa Mundial de Fútbol Sub-17 de 2015,11,Jhon Pereira,Q90867692,shirt_number,1.00,Jhon Pereira,Jhon Pereira
u17m2015,u17,m,2015,Ecuador,es,Anexo:Equipos participantes en la Copa Mundial de Fútbol Sub-17 de 2015,19,Anderson Naula,Q19570161,name,1.00,Anderson Naula,Anderson Naula
u17m2015,u17,m,2015,Honduras,es,Anexo:Equipos participantes en la Copa Mundial de Fútbol Sub-17 de 2015,5,,Q60230865,shirt_number,1.00,Dylan Andrade,Dylan Andrade
u17m2015,u17,m,2015,Honduras,es,Anexo:Equipos participantes en la Copa Mundial de Fútbol Sub-17 de 2015,8,Erick Arias,Q22084521,shirt_number,1.00,Erick Arias,Erick Arias
u17m2015,u17,m,2015,Honduras,es,Anexo:Equipos participantes en la Copa Mundial de Fútbol Sub-17 de 2015,6,Jorge Álvarez,Q62071625,shirt_number,1.00,Jorge Daniel Álvarez,Jorge Álvarez
u17m2015,u17,m,2015,Honduras,es,Anexo:Equipos participantes en la Copa Mundial de Fútbol Sub-17 de 2015,7,Foslyn Grant,Q21487058,shirt_number,1.00,Foslyn Grant,Foslyn Grant
u17m2015,u17,m,2015,Mali,es,Anexo:Equipos participantes en la Copa Mundial de Fútbol Sub-17 de 2015,1,Samuel Diarra,Q59328416,shirt_number,1.00,Samuel Diarra,Samuel Diarra
u17m2015,u17,m,2015,Mali,es,Anexo:Equipos participantes en la Copa Mundial de Fútbol Sub-17 de 2015,5,Mamadou Sangaré,Q99296828,shirt_number,1.00,Mamadou Sangare,Mamadou Sangare
u17m2015,u17,m,2015,Mexico,es,Anexo:Equipos participantes en la Copa Mundial de Fútbol Sub-17 de 2015,1,Joel García,Q125554087,shirt_number,1.00,Joel García,Joel García
u17m2015,u17,m,2015,New Zealand,es,Anexo:Equipos participantes en la Copa Mundial de Fútbol Sub-17 de 2015,2,Jack-Henry Sinclair,Q53806100,shirt_number,1.00,Jack-Henry Sinclair,Jack-Henry Sinclair
u17m2015,u17,m,2015,New Zealand,ru,Чемпионат мира по футболу среди юношеских команд 2015 (составы),15,Luke Johnson,Q56879893,shirt_number,1.00,"Джонсон, Люк",Люк Джонсон
u17m2015,u17,m,2015,Nigeria,ru,Чемпионат мира по футболу среди юношеских команд 2015 (составы),4,David Enogela,Q106154061,shirt_number,1.00,"Эногела, Дэвид",Дэвид Эногела
u17m2015,u17,m,2015,Paraguay,ru,Чемпионат мира по футболу среди юношеских команд 2015 (составы),15,Juan Miguel Ojeda,Q110772671,shirt_number,1.00,"Охеда, Хуан (парагвайский футболист)",Хуан Охеда
u17m2015,u17,m,2015,Russia,ru,Чемпионат мира по футболу среди юношеских команд 2015 (составы),3,Konstantin Kotov,Q88256492,shirt_number,1.00,"Котов, Константин Сергеевич",Константин Котов
u17w2008,u17,w,2008,France,de,U-17-Fußball-Weltmeisterschaft der Frauen 2008/Kader,7,Ines Jaurena,Q16643983,shirt_number,1.00,Inès Jaurena,Inès Jaurena
u17w2008,u17,w,2008,Germany,de,U-17-Fußball-Weltmeisterschaft der Frauen 2008/Kader,19,Claudia Götte,Q1097489,shirt_number,1.00,Claudia Kalin,Claudia Götte
u17w2010,u17,w,2010,Japan,ja,2010 FIFA U-17女子ワールドカップ参加チーム,1,Eri Hirao,Q128920978,shirt_number,1.00,平尾恵理,平尾恵理
u17w2010,u17,w,2010,Japan,ja,2010 FIFA U-17女子ワールドカップ参加チーム,2,Serina Kashimoto,Q97736936,shirt_number,1.00,樫本芹菜,樫本芹菜
u17w2010,u17,w,2010,Japan,ja,2010 FIFA U-17女子ワールドカップ参加チーム,3,Mami Kanazawa,Q128921427,shirt_number,1.00,金澤真美,金澤真美
u17w2010,u17,w,2010,Japan,ja,2010 FIFA U-17女子ワールドカップ参加チーム,4,Yume Nagasawa,Q98830495,shirt_number,1.00,長澤優芽,長澤優芽
u17w2010,u17,w,2010,Japan,ja,2010 FIFA U-17女子ワールドカップ参加チーム,5,Naoko Wada,Q11417962,shirt_number,1.00,和田奈央子,和田奈央子
u17w2010,u17,w,2010,Japan,ja,2010 FIFA U-17女子ワールドカップ参加チーム,16,Chika Kato,Q11399052,shirt_number,1.00,加藤千佳 (サッカー選手),加藤千佳
u17w2010,u17,w,2010,Japan,ja,2010 FIFA U-17女子ワールドカップ参加チーム,18,Yuka Honda,Q24862233,shirt_number,1.00,本多由佳,本多由佳
u17w2010,u17,w,2010,Japan,ja,2010 FIFA U-17女子ワールドカップ参加チーム,19,Aya Goto,Q98830852,shirt_number,1.00,後藤亜弥,後藤亜弥
u17w2010,u17,w,2010,Japan,ja,2010 FIFA U-17女子ワールドカップ参加チーム,21,Isayo Mita,Q27778078,shirt_number,1.00,三田一紗代,三田一紗代
u17w2018,u17,w,2018,Colombia,es,Equipos participantes en la Copa Mundial Femenina de Fútbol Sub-17 de 2018,1,Michell Lugo,Q97759567,shirt_number,1.00,Michell Lugo,Michell Lugo
u17w2018,u17,w,2018,Colombia,es,Equipos participantes en la Copa Mundial Femenina de Fútbol Sub-17 de 2018,3,Sharon Ramírez,Q68696831,shirt_number,1.00,Sharon Ramírez,Sharon Ramírez
u17w2018,u17,w,2018,Colombia,es,Equipos participantes en la Copa Mundial Femenina de Fútbol Sub-17 de 2018,15,Ana Bohórquez,Q16675634,shirt_number,1.00,Ana María Bohórquez,Ana María Bohórquez
u17w2018,u17,w,2018,Mexico,es,Equipos participantes en la Copa Mundial Femenina de Fútbol Sub-17 de 2018,20,Azul Álvarez,Q59161827,shirt_number,1.00,Azul Kayla Álvarez Walker,Azul Kayla Álvarez Walker
u20m2005,u20,m,2005,Honduras,fr,Équipes de la Coupe du monde de football des moins de 20 ans 2005,4,Aarón Bardales,Q778178,shirt_number,1.00,Aron Bardales,Aron Bardales
u20m2005,u20,m,2005,Turkey,tr,2005 FIFA Dünya Gençler Şampiyonası kadroları,12,Şener Özcan,Q388800,shirt_number,1.00,Şener Özcan,Şener Özcan
u20m2005,u20,m,2005,Turkey,tr,2005 FIFA Dünya Gençler Şampiyonası kadroları,15,Ozan Tahtaişleyen,Q1917350,shirt_number,1.00,Ozan Tahtaişleyen,Ozan Tahtaişleyen
u20m2007,u20,m,2007,Austria,de,U-20-Fußball-Weltmeisterschaft 2007/Kader,2,Thomas Panny,Q1791693,shirt_number,1.00,Thomas Panny,Thomas Panny
u20m2007,u20,m,2007,Austria,de,U-20-Fußball-Weltmeisterschaft 2007/Kader,14,Bernhard Morgenthaler,Q825641,shirt_number,1.00,Bernhard Morgenthaler,Bernhard Morgenthaler
u20m2007,u20,m,2007,Brazil,de,U-20-Fußball-Weltmeisterschaft 2007/Kader,16,Carlão,Q168681,shirt_number,1.00,Carlão,Carlão
u20m2007,u20,m,2007,Chile,de,U-20-Fußball-Weltmeisterschaft 2007/Kader,21,Ronald Valladares,Q6111690,shirt_number,1.00,Ronald Valladares,Ronald Valladares
u20m2007,u20,m,2007,Czech Republic,de,U-20-Fußball-Weltmeisterschaft 2007/Kader,20,Tomáš Cihlář,Q12059182,shirt_number,1.00,Tomáš Cihlář,Tomáš Cihlář
u20m2007,u20,m,2007,Gambia,de,U-20-Fußball-Weltmeisterschaft 2007/Kader,1,Joseph Gomez,Q1707139,shirt_number,1.00,Joseph Gómez,Joseph Gómez
u20m2007,u20,m,2007,Gambia,de,U-20-Fußball-Weltmeisterschaft 2007/Kader,16,Christopher Allen,Q1086479,shirt_number,1.00,Christopher Allen (Fußballspieler),Christopher Allen
u20m2007,u20,m,2007,North Korea,de,U-20-Fußball-Weltmeisterschaft 2007/Kader,4,Mun Kyong-nam,Q1514854,shirt_number,1.00,Mun Kyong-nam,Mun Kyong-nam
u20m2007,u20,m,2007,North Korea,de,U-20-Fußball-Weltmeisterschaft 2007/Kader,11,Ri Hung-ryong,Q2148458,shirt_number,1.00,Ri Hung-ryong,Ri Hung-ryong
u20m2007,u20,m,2007,North Korea,de,U-20-Fußball-Weltmeisterschaft 2007/Kader,12,Kim Kuk-jin,Q284993,shirt_number,1.00,Kim Kuk-jin,Kim Kuk-jin
u20m2007,u20,m,2007,North Korea,de,U-20-Fußball-Weltmeisterschaft 2007/Kader,14,Jon Kwang-ik,Q703036,shirt_number,1.00,Jon Kwang-ik,Jon Kwang-ik
u20m2007,u20,m,2007,North Korea,de,U-20-Fußball-Weltmeisterschaft 2007/Kader,15,Yun Yong-il,Q1545685,shirt_number,1.00,Yun Yong-il,Yun Yong-il
u20m2007,u20,m,2007,North Korea,de,U-20-Fußball-Weltmeisterschaft 2007/Kader,20,Jong Chol-min,Q956366,shirt_number,1.00,Jong Chol-min,Jong Chol-min
u20m2007,u20,m,2007,Uruguay,de,U-20-Fußball-Weltmeisterschaft 2007/Kader,21,Yai Fontes,Q24050439,shirt_number,1.00,Yaí Fontes,Yaí Fontes
u20m2009,u20,m,2009,Uruguay,de,U-20-Fußball-Weltmeisterschaft 2009/Kader,12,Martín Rodríguez,Q15834273,shirt_number,1.00,"Martín Rodríguez (Fußballspieler, 1989)",Martín Rodríguez
u20m2013,u20,m,2013,Colombia,es,Anexo:Equipos participantes en la Copa Mundial de Fútbol Sub-20 de 2013,16,Luis Hernando Mena,Q3840365,shirt_number,1.00,Luis Hernando Mena,Luis Hernando Mena
u20m2013,u20,m,2013,Colombia,es,Anexo:Equipos participantes en la Copa Mundial de Fútbol Sub-20 de 2013,21,Jair Mosquera,Q22078475,shirt_number,1.00,Jair Mosquera,Jair Mosquera
u20m2013,u20,m,2013,Cuba,es,Anexo:Equipos participantes en la Copa Mundial de Fútbol Sub-20 de 2013,8,Jordan Santa Cruz,Q56600094,shirt_number,1.00,Yordan Santa Cruz,Yordan Santa Cruz
u20m2013,u20,m,2013,Cuba,es,Anexo:Equipos participantes en la Copa Mundial de Fútbol Sub-20 de 2013,12,Delvis Lumpuy,Q16941696,shirt_number,1.00,Delvis Lumpuy,Delvis Lumpuy
u20m2013,u20,m,2013,Egypt,es,Anexo:Equipos participantes en la Copa Mundial de Fútbol Sub-20 de 2013,16,Mahmoud Hamdi,Q28923557,shirt_number,1.00,Mahmoud Hamdy,Mahmoud Hamdy
u20m2013,u20,m,2013,Egypt,es,Anexo:Equipos participantes en la Copa Mundial de Fútbol Sub-20 de 2013,21,Hassan Mahmoud,Q4115926,shirt_number,1.00,Hassan Mahmoud,Hassan Mahmoud
u20m2013,u20,m,2013,El Salvador,es,Anexo:Equipos participantes en la Copa Mundial de Fútbol Sub-20 de 2013,8,José Villavicencio,Q23304191,shirt_number,1.00,José Villavicencio,José Villavicencio
u20m2013,u20,m,2013,El Salvador,es,Anexo:Equipos participantes en la Copa Mundial de Fútbol Sub-20 de 2013,10,Diego Coca,Q81601609,shirt_number,1.00,Diego Coca,Diego Coca
u20m2013,u20,m,2013,El Salvador,es,Anexo:Equipos participantes en la Copa Mundial de Fútbol Sub-20 de 2013,14,Óscar Rodríguez,Q85875829,shirt_number,1.00,Oscar Maldonado,Óscar Rodríguez
u20m2013,u20,m,2013,El Salvador,es,Anexo:Equipos participantes en la Copa Mundial de Fútbol Sub-20 de 2013,17,Kevin Ayala,Q107102535,shirt_number,1.00,Kevin Ayala,Kevin Ayala
u20m2013,u20,m,2013,El Salvador,es,Anexo:Equipos participantes en la Copa Mundial de Fútbol Sub-20 de 2013,20,Roberto González,Q115902989,shirt_number,1.00,Roberto Alexis González,Roberto Alexis González
u20m2013,u20,m,2013,Mexico,es,Anexo:Equipos participantes en la Copa Mundial de Fútbol Sub-20 de 2013,14,Abel Fuentes,Q19949619,shirt_number,1.00,Abel Fuentes,Abel Fuentes
u20m2013,u20,m,2013,New Zealand,es,Anexo:Equipos participantes en la Copa Mundial de Fútbol Sub-20 de 2013,1,Scott Basalaj,Q5412901,shirt_number,1.00,Scott Basalaj,Scott Basalaj
u20m2013,u20,m,2013,New Zealand,es,Anexo:Equipos participantes en la Copa Mundial de Fútbol Sub-20 de 2013,13,Liam Higgins,Q14886187,shirt_number,1.00,Liam Higgins,Liam Higgins
u20m2013,u20,m,2013,Paraguay,es,Anexo:Equipos participantes en la Copa Mundial de Fútbol Sub-20 de 2013,1,Diego Morel,Q16301168,shirt_number,1.00,Diego Morel,Diego Morel
u20m2013,u20,m,2013,Paraguay,es,Anexo:Equipos participantes en la Copa Mundial de Fútbol Sub-20 de 2013,2,Miller Mareco,Q33297183,shirt_number,1.00,Miller Mareco,Miller Mareco
u20m2013,u20,m,2013,Paraguay,es,Anexo:Equipos participantes en la Copa Mundial de Fútbol Sub-20 de 2013,12,Alejandro Bogado,Q20950154,shirt_number,1.00,Alejandro Bogado,Alejandro Bogado
u20m2013,u20,m,2013,Paraguay,es,Anexo:Equipos participantes en la Copa Mundial de Fútbol Sub-20 de 2013,14,Aquilino Giménez,Q20886162,shirt_number,1.00,Aquilino Giménez,Aquilino Giménez
u20m2013,u20,m,2013,Paraguay,es,Anexo:Equipos participantes en la Copa Mundial de Fútbol Sub-20 de 2013,21,Armando Vera,Q16532588,shirt_number,1.00,Armando Vera,Armando Vera
u20m2013,u20,m,2013,Mali,ru,Чемпионат мира по футболу среди молодёжных команд 2013 (составы),7,Souleymane Sissoko,Q24940506,shirt_number,1.00,"Сиссоко, Сулейман",Сулейман Сиссоко
u20m2013,u20,m,2013,Uzbekistan,ru,Чемпионат мира по футболу среди молодёжных команд 2013 (составы),3,Sardor Rakhmanov,Q19833447,shirt_number,1.00,"Рахманов, Сардор",Сардор Рахманов
u20m2013,u20,m,2013,Uzbekistan,ru,Чемпионат мира по футболу среди молодёжных команд 2013 (составы),5,Maksimilian Fomin,Q62713575,shirt_number,1.00,"Фомин, Максимилиан",Максимилиан Фомин
u20m2013,u20,m,2013,Egypt,ar,قوائم كأس العالم للشباب تحت 20 سنة 2013,9,Omar Bassam,Q28532278,shirt_number,1.00,عمر بسام,عمر بسام
u20m2013,u20,m,2013,Egypt,ar,قوائم كأس العالم للشباب تحت 20 سنة 2013,13,Mahmoud Hamad,Q28532035,shirt_number,1.00,محمود حمد,محمود حمد
u20m2013,u20,m,2013,Egypt,ar,قوائم كأس العالم للشباب تحت 20 سنة 2013,14,Hossam Ghaly,Q29160803,shirt_number,1.00,حسام غالي (لاعب كرة قدم مواليد 1993),حسام غالي
u20m2013,u20,m,2013,Egypt,ar,قوائم كأس العالم للشباب تحت 20 سنة 2013,15,Mohammed El Shami,Q6891147,shirt_number,1.00,محمد الشامي (لاعب كرة قدم ، مواليد 1993),محمد الشامي
u20m2013,u20,m,2013,Iraq,ar,قوائم كأس العالم للشباب تحت 20 سنة 2013,21,Ali Yasin,Q4725264,shirt_number,1.00,علي ياسين محمد,علي ياسين
u20m2015,u20,m,2015,Panama,ru,Чемпионат мира по футболу среди молодёжных команд 2015 (составы),14,Jesús Araya,Q24010732,shirt_number,1.00,"Арая, Хесус",Хесус Арая
u20m2015,u20,m,2015,Panama,ru,Чемпионат мира по футболу среди молодёжных команд 2015 (составы),10,Jhamal Rodríguez,Q24010628,shirt_number,1.00,"Родригес, Джамаль",Джамаль Родригес
u20m2015,u20,m,2015,Panama,ru,Чемпионат мира по футболу среди молодёжных команд 2015 (составы),11,Ervin Zorrilla,Q24010739,shirt_number,1.00,"Соррилья, Эрвин",Эрвин Соррилья
u20m2015,u20,m,2015,Uzbekistan,uz,FIFA U-20 Jahon chempionati 2015 jamoalar tarkibi,1,Sarvar Karimov,Q123267894,shirt_number,1.00,Sarvar Karimov,Sarvar Karimov
u20m2015,u20,m,2015,Uzbekistan,uz,FIFA U-20 Jahon chempionati 2015 jamoalar tarkibi,3,Ibrokhim Abdullaev,Q131572468,shirt_number,1.00,Ibrohim Abdullayev,Ibrohim Abdullayev
u20m2015,u20,m,2015,Uzbekistan,uz,FIFA U-20 Jahon chempionati 2015 jamoalar tarkibi,4,Mirjamol Kosimov,Q23656055,shirt_number,1.00,Mirjamol Qosimov,Mirjamol Qosimov
u20m2015,u20,m,2015,Uzbekistan,uz,FIFA U-20 Jahon chempionati 2015 jamoalar tarkibi,7,Temur Talipov,Q124864773,shirt_number,1.00,Temur Tolipov,Temur Tolipov
u20m2015,u20,m,2015,Uzbekistan,uz,FIFA U-20 Jahon chempionati 2015 jamoalar tarkibi,12,Dilshod Khamraev,Q123974113,shirt_number,1.00,Dilshod Hamroyev,Dilshod Hamroyev
u20m2015,u20,m,2015,Uzbekistan,uz,FIFA U-20 Jahon chempionati 2015 jamoalar tarkibi,15,Najmiddin Normurodov,Q131572677,shirt_number,1.00,Najmiddin Normurodov,Najmiddin Normurodov
u20m2017,u20,m,2017,Costa Rica,es,Anexo:Equipos participantes en la Copa Mundial de Fútbol Sub-20 de 2017,1,Mario Sequeira,Q26036637,shirt_number,1.00,Mario Sequeira,Mario Sequeira
u20m2017,u20,m,2017,Costa Rica,es,Anexo:Equipos participantes en la Copa Mundial de Fútbol Sub-20 de 2017,2,Diego Mesén,Q29790965,shirt_number,1.00,Diego Mesén,Diego Mesén
u20m2017,u20,m,2017,Costa Rica,es,Anexo:Equipos participantes en la Copa Mundial de Fútbol Sub-20 de 2017,5,Esteban González,Q29796024,shirt_number,1.00,Esteban González Rivera,Esteban González
u20m2017,u20,m,2017,Costa Rica,es,Anexo:Equipos participantes en la Copa Mundial de Fútbol Sub-20 de 2017,6,Luis Hernández,Q26441355,shirt_number,1.00,Luis José Hernández,Luis Hernández
u20m2017,u20,m,2017,Costa Rica,es,Anexo:Equipos participantes en la Copa Mundial de Fútbol Sub-20 de 2017,9,Jostin Daly,Q29730776,shirt_number,1.00,Jostin Daly,Jostin Daly
u20m2017,u20,m,2017,Costa Rica,es,Anexo:Equipos participantes en la Copa Mundial de Fútbol Sub-20 de 2017,10,Jonathan Martínez,Q29867839,shirt_number,1.00,Jonathan Martínez,Jonathan Martínez
u20m2017,u20,m,2017,Costa Rica,es,Anexo:Equipos participantes en la Copa Mundial de Fútbol Sub-20 de 2017,12,Pablo Arguedas,Q29866586,shirt_number,1.00,Juan Pablo Arguedas,Juan Pablo Arguedas
u20m2017,u20,m,2017,Costa Rica,es,Anexo:Equipos participantes en la Copa Mundial de Fútbol Sub-20 de 2017,13,Erick Pineda,Q29790721,shirt_number,1.00,Adonis Pineda,Adonis Pineda
u20m2017,u20,m,2017,Costa Rica,es,Anexo:Equipos participantes en la Copa Mundial de Fútbol Sub-20 de 2017,17,Esteban Espinoza,Q29868620,shirt_number,1.00,Esteban Espinoza,Esteban Espinoza
u20m2017,u20,m,2017,Costa Rica,es,Anexo:Equipos participantes en la Copa Mundial de Fútbol Sub-20 de 2017,20,Eduardo Juárez,Q29791212,shirt_number,1.00,Eduardo Juárez,Eduardo Juárez
u20m2017,u20,m,2017,Ecuador,es,Anexo:Equipos participantes en la Copa Mundial de Fútbol Sub-20 de 2017,1,José Gabriel Cevallos,Q30917324,shirt_number,1.00,Gabriel Cevallos,Gabriel Cevallos
u20m2017,u20,m,2017,Ecuador,es,Anexo:Equipos participantes en la Copa Mundial de Fútbol Sub-20 de 2017,3,Joel Quintero,Q57605548,shirt_number,1.00,Joel Quintero,Joel Quintero
u20m2017,u20,m,2017,Ecuador,es,Anexo:Equipos participantes en la Copa Mundial de Fútbol Sub-20 de 2017,4,Kevin Minda,Q57605550,shirt_number,1.00,Kevin Minda,Kevin Minda
u20m2017,u20,m,2017,Ecuador,es,Anexo:Equipos participantes en la Copa Mundial de Fútbol Sub-20 de 2017,5,Juan Nazareno,Q57605544,shirt_number,1.00,Juan Nazareno,Juan Nazareno
u20m2017,u20,m,2017,Ecuador,es,Anexo:Equipos participantes en la Copa Mundial de Fútbol Sub-20 de 2017,8,Wilter Ayoví,Q30346713,shirt_number,1.00,Wilter Ayoví,Wilter Ayoví
u20m2017,u20,m,2017,Ecuador,es,Anexo:Equipos participantes en la Copa Mundial de Fútbol Sub-20 de 2017,9,Herlin Lino,Q25406611,shirt_number,1.00,Hernán Lino,Hernán Lino
u20m2017,u20,m,2017,Ecuador,es,Anexo:Equipos participantes en la Copa Mundial de Fútbol Sub-20 de 2017,12,Giancarlos Terreros,Q30904475,shirt_number,1.00,Gian Carlos Terreros,Gian Carlos Terreros
u20m2017,u20,m,2017,Ecuador,es,Anexo:Equipos participantes en la Copa Mundial de Fútbol Sub-20 de 2017,14,Renny Jaramillo,Q28955229,shirt_number,1.00,Renny Jaramillo,Renny Jaramillo
u20m2017,u20,m,2017,Honduras,es,Anexo:Equipos participantes en la Copa Mundial de Fútbol Sub-20 de 2017,4,Kenneth Hernández,Q47456957,shirt_number,1.00,Kenneth Hernández,Kenneth Hernández
u20m2017,u20,m,2017,Honduras,es,Anexo:Equipos participantes en la Copa Mundial de Fútbol Sub-20 de 2017,5,Dylan Andrade,Q60230865,shirt_number,1.00,Dylan Andrade,Dylan Andrade
u20m2017,u20,m,2017,Honduras,es,Anexo:Equipos participantes en la Copa Mundial de Fútbol Sub-20 de 2017,8,Erick Arias,Q22084521,shirt_number,1.00,Erick Arias,Erick Arias
u20m2017,u20,m,2017,Honduras,es,Anexo:Equipos participantes en la Copa Mundial de Fútbol Sub-20 de 2017,9,Foslyn Grant,Q21487058,shirt_number,1.00,Foslyn Grant,Foslyn Grant
u20m2017,u20,m,2017,Honduras,es,Anexo:Equipos participantes en la Copa Mundial de Fútbol Sub-20 de 2017,13,José Quiroz,Q73411598,shirt_number,1.00,José Quiroz,José Quiroz
u20m2017,u20,m,2017,Honduras,es,Anexo:Equipos participantes en la Copa Mundial de Fútbol Sub-20 de 2017,17,Byron Rodríguez,Q105667272,shirt_number,1.00,Byron Rodríguez,Byron Rodríguez
u20m2017,u20,m,2017,Honduras,es,Anexo:Equipos participantes en la Copa Mundial de Fútbol Sub-20 de 2017,20,Jorge Álvarez,Q62071625,shirt_number,1.00,Jorge Daniel Álvarez,Jorge Álvarez
u20m2017,u20,m,2017,Mexico,es,Anexo:Equipos participantes en la Copa Mundial de Fútbol Sub-20 de 2017,1,Joel García,Q125554087,shirt_number,1.00,Joel García,Joel García
u20m2017,u20,m,2017,New Zealand,es,Anexo:Equipos participantes en la Copa Mundial de Fútbol Sub-20 de 2017,14,Midhun Das,Q53806100,shirt_number,1.00,Jack-Henry Sinclair,Jack-Henry Sinclair
u20m2017,u20,m,2017,Vanuatu,es,Anexo:Equipos participantes en la Copa Mundial de Fútbol Sub-20 de 2017,2,Selwyn Vatu,Q43447005,shirt_number,1.00,Selwyn Vatu,Selwyn Vatu
u20m2017,u20,m,2017,Vanuatu,es,Anexo:Equipos participantes en la Copa Mundial de Fútbol Sub-20 de 2017,5,Joseph Iaruel,Q43446397,shirt_number,1.00,Joseph Iaruel,Joseph Iaruel
u20m2017,u20,m,2017,Zambia,es,Anexo:Equipos participantes en la Copa Mundial de Fútbol Sub-20 de 2017,5,Solomon Sakala,Q22251752,shirt_number,1.00,Solomon Sakala,Solomon Sakala
u20w2008,u20,w,2008,Canada,de,U-20-Fußball-Weltmeisterschaft der Frauen 2008/Kader,9,Julie Armstrong,Q97674649,shirt_number,1.00,Julie Armstrong,Julie Armstrong
u20w2008,u20,w,2008,Germany,de,U-20-Fußball-Weltmeisterschaft der Frauen 2008/Kader,16,Sylvie Banecki,Q1563325,shirt_number,1.00,Sylvie Banecki,Sylvie Banecki
u20w2008,u20,w,2008,Norway,de,U-20-Fußball-Weltmeisterschaft der Frauen 2008/Kader,20,Kristina Hegland,Q1642994,shirt_number,1.00,Kristine Minde,Kristine Wigdahl Hegland
u20w2010,u20,w,2010,Japan,ja,2010 FIFA U-20女子ワールドカップ参加チーム,2,Yuko Takeyama,Q27808193,shirt_number,1.00,竹山裕子,竹山裕子
u20w2010,u20,w,2010,Japan,ja,2010 FIFA U-20女子ワールドカップ参加チーム,3,Misaki Kobayashi,Q27766076,shirt_number,1.00,小林海咲 (サッカー選手),小林海咲
u20w2010,u20,w,2010,Japan,ja,2010 FIFA U-20女子ワールドカップ参加チーム,7,Nozomi Fujita,Q2003822,shirt_number,1.00,藤田のぞみ,藤田のぞみ
u20w2010,u20,w,2010,Japan,ja,2010 FIFA U-20女子ワールドカップ参加チーム,17,Shoko Yamada,Q97723625,shirt_number,1.00,山田頌子,山田頌子
u20w2010,u20,w,2010,Japan,ja,2010 FIFA U-20女子ワールドカップ参加チーム,20,Nanami Seguchi,Q128920816,shirt_number,1.00,瀬口七海,瀬口七海
u20w2014,u20,w,2014,Nigeria,vi,Danh sách cầu thủ tham dự Giải vô địch bóng đá nữ U-20 thế giới 2014,2,Ebere Okoye,Q715772,shirt_number,1.00,Đội trưởng (bóng đá),c
