tournament_id,lang,page_title,variant,count
u17m1999,vi,Danh sách cầu thủ tham dự giải vô địch bóng đá U-17 thế giới 1999,local_linked_players,0
u17m1999,vi,Danh sách cầu thủ tham dự giải vô địch bóng đá U-17 thế giới 1999,local_links_examined,105
u17m1999,vi,Danh sách cầu thủ tham dự giải vô địch bóng đá U-17 thế giới 1999,local_links_with_qid,105
u17m1999,vi,Danh sách cầu thủ tham dự giải vô địch bóng đá U-17 thế giới 1999,local_players_with_qid,0
u17m2001,vi,Danh sách cầu thủ tham dự giải vô địch bóng đá U-17 thế giới 2001,attached_by_shirt_number,2
u17m2001,vi,Danh sách cầu thủ tham dự giải vô địch bóng đá U-17 thế giới 2001,local_linked_players,13
u17m2001,vi,Danh sách cầu thủ tham dự giải vô địch bóng đá U-17 thế giới 2001,local_links_examined,130
u17m2001,vi,Danh sách cầu thủ tham dự giải vô địch bóng đá U-17 thế giới 2001,local_links_with_qid,130
u17m2001,vi,Danh sách cầu thủ tham dự giải vô địch bóng đá U-17 thế giới 2001,local_players_with_qid,13
u17m2001,vi,Danh sách cầu thủ tham dự giải vô địch bóng đá U-17 thế giới 2001,player_column_index:2,1
u17m2003,ar,قوائم منتخبات كأس العالم تحت 17 سنة لكرة القدم 2003,attached_by_shirt_number,9
u17m2003,ar,قوائم منتخبات كأس العالم تحت 17 سنة لكرة القدم 2003,local_linked_players,71
u17m2003,ar,قوائم منتخبات كأس العالم تحت 17 سنة لكرة القدم 2003,local_links_examined,161
u17m2003,ar,قوائم منتخبات كأس العالم تحت 17 سنة لكرة القدم 2003,local_links_with_qid,161
u17m2003,ar,قوائم منتخبات كأس العالم تحت 17 سنة لكرة القدم 2003,local_players_with_qid,71
u17m2003,ar,قوائم منتخبات كأس العالم تحت 17 سنة لكرة القدم 2003,player_column_index:2,8
u17m2003,ar,قوائم منتخبات كأس العالم تحت 17 سنة لكرة القدم 2003,unattached_local_player,5
u17m2005,vi,Danh sách cầu thủ tham dự giải vô địch bóng đá U-17 thế giới 2005,attached_by_shirt_number,1
u17m2005,vi,Danh sách cầu thủ tham dự giải vô địch bóng đá U-17 thế giới 2005,local_linked_players,11
u17m2005,vi,Danh sách cầu thủ tham dự giải vô địch bóng đá U-17 thế giới 2005,local_links_examined,130
u17m2005,vi,Danh sách cầu thủ tham dự giải vô địch bóng đá U-17 thế giới 2005,local_links_with_qid,130
u17m2005,vi,Danh sách cầu thủ tham dự giải vô địch bóng đá U-17 thế giới 2005,local_players_with_qid,11
u17m2005,vi,Danh sách cầu thủ tham dự giải vô địch bóng đá U-17 thế giới 2005,player_column_index:2,2
u17m2005,vi,Danh sách cầu thủ tham dự giải vô địch bóng đá U-17 thế giới 2005,unattached_local_player,1
u17m2007,vi,Danh sách cầu thủ tham dự giải vô địch bóng đá U-17 thế giới 2007,attached_by_shirt_number,3
u17m2007,vi,Danh sách cầu thủ tham dự giải vô địch bóng đá U-17 thế giới 2007,local_linked_players,41
u17m2007,vi,Danh sách cầu thủ tham dự giải vô địch bóng đá U-17 thế giới 2007,local_links_examined,201
u17m2007,vi,Danh sách cầu thủ tham dự giải vô địch bóng đá U-17 thế giới 2007,local_links_with_qid,200
u17m2007,vi,Danh sách cầu thủ tham dự giải vô địch bóng đá U-17 thế giới 2007,local_players_with_qid,41
u17m2007,vi,Danh sách cầu thủ tham dự giải vô địch bóng đá U-17 thế giới 2007,player_column_index:2,6
u17m2009,vi,Danh sách cầu thủ tham dự giải vô địch bóng đá U-17 thế giới 2009,attached_by_shirt_number,4
u17m2009,vi,Danh sách cầu thủ tham dự giải vô địch bóng đá U-17 thế giới 2009,local_linked_players,40
u17m2009,vi,Danh sách cầu thủ tham dự giải vô địch bóng đá U-17 thế giới 2009,local_links_examined,222
u17m2009,vi,Danh sách cầu thủ tham dự giải vô địch bóng đá U-17 thế giới 2009,local_links_with_qid,222
u17m2009,vi,Danh sách cầu thủ tham dự giải vô địch bóng đá U-17 thế giới 2009,local_players_with_qid,40
u17m2009,vi,Danh sách cầu thủ tham dự giải vô địch bóng đá U-17 thế giới 2009,player_column_index:2,5
u17m2011,es,Anexo:Equipos participantes en la Copa Mundial de Fútbol Sub-17 de 2011,attached_by_shirt_number,21
u17m2011,es,Anexo:Equipos participantes en la Copa Mundial de Fútbol Sub-17 de 2011,local_linked_players,182
u17m2011,es,Anexo:Equipos participantes en la Copa Mundial de Fútbol Sub-17 de 2011,local_links_examined,434
u17m2011,es,Anexo:Equipos participantes en la Copa Mundial de Fútbol Sub-17 de 2011,local_links_with_qid,434
u17m2011,es,Anexo:Equipos participantes en la Copa Mundial de Fútbol Sub-17 de 2011,local_players_with_qid,182
u17m2011,es,Anexo:Equipos participantes en la Copa Mundial de Fútbol Sub-17 de 2011,player_column_index:2,16
u17m2011,es,Anexo:Equipos participantes en la Copa Mundial de Fútbol Sub-17 de 2011,unattached_local_player,4
u17m2013,vi,Danh sách cầu thủ tham dự giải vô địch bóng đá U-17 thế giới 2013,attached_by_shirt_number,1
u17m2013,vi,Danh sách cầu thủ tham dự giải vô địch bóng đá U-17 thế giới 2013,local_linked_players,39
u17m2013,vi,Danh sách cầu thủ tham dự giải vô địch bóng đá U-17 thế giới 2013,local_links_examined,197
u17m2013,vi,Danh sách cầu thủ tham dự giải vô địch bóng đá U-17 thế giới 2013,local_links_with_qid,197
u17m2013,vi,Danh sách cầu thủ tham dự giải vô địch bóng đá U-17 thế giới 2013,local_players_with_qid,39
u17m2013,vi,Danh sách cầu thủ tham dự giải vô địch bóng đá U-17 thế giới 2013,player_column_index:2,5
u17m2015,es,Anexo:Equipos participantes en la Copa Mundial de Fútbol Sub-17 de 2015,attached_by_name,1
u17m2015,es,Anexo:Equipos participantes en la Copa Mundial de Fútbol Sub-17 de 2015,attached_by_shirt_number,30
u17m2015,es,Anexo:Equipos participantes en la Copa Mundial de Fútbol Sub-17 de 2015,local_linked_players,167
u17m2015,es,Anexo:Equipos participantes en la Copa Mundial de Fútbol Sub-17 de 2015,local_links_examined,412
u17m2015,es,Anexo:Equipos participantes en la Copa Mundial de Fútbol Sub-17 de 2015,local_links_with_qid,412
u17m2015,es,Anexo:Equipos participantes en la Copa Mundial de Fútbol Sub-17 de 2015,local_players_with_qid,167
u17m2015,es,Anexo:Equipos participantes en la Copa Mundial de Fútbol Sub-17 de 2015,player_column_index:2,17
u17m2015,es,Anexo:Equipos participantes en la Copa Mundial de Fútbol Sub-17 de 2015,shirt_numbers_disagree,2
u17m2015,es,Anexo:Equipos participantes en la Copa Mundial de Fútbol Sub-17 de 2015,unattached_local_player,6
u17m2015,ru,Чемпионат мира по футболу среди юношеских команд 2015 (составы),attached_by_shirt_number,4
u17m2015,ru,Чемпионат мира по футболу среди юношеских команд 2015 (составы),local_linked_players,159
u17m2015,ru,Чемпионат мира по футболу среди юношеских команд 2015 (составы),local_links_examined,668
u17m2015,ru,Чемпионат мира по футболу среди юношеских команд 2015 (составы),local_links_with_qid,667
u17m2015,ru,Чемпионат мира по футболу среди юношеских команд 2015 (составы),local_players_with_qid,159
u17m2015,ru,Чемпионат мира по футболу среди юношеских команд 2015 (составы),player_column_index:1,17
u17m2015,ru,Чемпионат мира по футболу среди юношеских команд 2015 (составы),shirt_numbers_disagree,2
u17m2015,ru,Чемпионат мира по футболу среди юношеских команд 2015 (составы),unattached_local_player,7
u17m2017,vi,Danh sách cầu thủ tham dự giải vô địch bóng đá U-17 thế giới 2017,local_linked_players,32
u17m2017,vi,Danh sách cầu thủ tham dự giải vô địch bóng đá U-17 thế giới 2017,local_links_examined,197
u17m2017,vi,Danh sách cầu thủ tham dự giải vô địch bóng đá U-17 thế giới 2017,local_links_with_qid,196
u17m2017,vi,Danh sách cầu thủ tham dự giải vô địch bóng đá U-17 thế giới 2017,local_players_with_qid,32
u17m2017,vi,Danh sách cầu thủ tham dự giải vô địch bóng đá U-17 thế giới 2017,player_column_index:2,4
u17w2008,de,U-17-Fußball-Weltmeisterschaft der Frauen 2008/Kader,attached_by_shirt_number,2
u17w2008,de,U-17-Fußball-Weltmeisterschaft der Frauen 2008/Kader,local_linked_players,49
u17w2008,de,U-17-Fußball-Weltmeisterschaft der Frauen 2008/Kader,local_links_examined,96
u17w2008,de,U-17-Fußball-Weltmeisterschaft der Frauen 2008/Kader,local_links_with_qid,96
u17w2008,de,U-17-Fußball-Weltmeisterschaft der Frauen 2008/Kader,local_players_with_qid,49
u17w2008,de,U-17-Fußball-Weltmeisterschaft der Frauen 2008/Kader,player_column_index:1,5
u17w2008,de,U-17-Fußball-Weltmeisterschaft der Frauen 2008/Kader,unattached_local_player,1
u17w2010,ko,2010년 FIFA U-17 여자 월드컵 선수 명단,local_linked_players,0
u17w2010,ko,2010년 FIFA U-17 여자 월드컵 선수 명단,local_links_examined,45
u17w2010,ko,2010년 FIFA U-17 여자 월드컵 선수 명단,local_links_with_qid,45
u17w2010,ko,2010년 FIFA U-17 여자 월드컵 선수 명단,local_players_with_qid,0
u17w2010,ja,2010 FIFA U-17女子ワールドカップ参加チーム,attached_by_shirt_number,9
u17w2010,ja,2010 FIFA U-17女子ワールドカップ参加チーム,local_linked_players,21
u17w2010,ja,2010 FIFA U-17女子ワールドカップ参加チーム,local_links_examined,295
u17w2010,ja,2010 FIFA U-17女子ワールドカップ参加チーム,local_links_with_qid,295
u17w2010,ja,2010 FIFA U-17女子ワールドカップ参加チーム,local_players_with_qid,21
u17w2010,ja,2010 FIFA U-17女子ワールドカップ参加チーム,player_column_index:2,1
u17w2012,vi,Danh sách cầu thủ tham dự Giải vô địch bóng đá nữ U-17 thế giới 2012,local_linked_players,0
u17w2012,vi,Danh sách cầu thủ tham dự Giải vô địch bóng đá nữ U-17 thế giới 2012,local_links_examined,36
u17w2012,vi,Danh sách cầu thủ tham dự Giải vô địch bóng đá nữ U-17 thế giới 2012,local_links_with_qid,36
u17w2012,vi,Danh sách cầu thủ tham dự Giải vô địch bóng đá nữ U-17 thế giới 2012,local_players_with_qid,0
u17w2014,vi,Danh sách cầu thủ tham dự Giải vô địch bóng đá nữ U-17 thế giới 2014,local_linked_players,0
u17w2014,vi,Danh sách cầu thủ tham dự Giải vô địch bóng đá nữ U-17 thế giới 2014,local_links_examined,32
u17w2014,vi,Danh sách cầu thủ tham dự Giải vô địch bóng đá nữ U-17 thế giới 2014,local_links_with_qid,32
u17w2014,vi,Danh sách cầu thủ tham dự Giải vô địch bóng đá nữ U-17 thế giới 2014,local_players_with_qid,0
u17w2016,vi,Danh sách cầu thủ tham dự Giải vô địch bóng đá nữ U-17 thế giới 2016,local_linked_players,0
u17w2016,vi,Danh sách cầu thủ tham dự Giải vô địch bóng đá nữ U-17 thế giới 2016,local_links_examined,39
u17w2016,vi,Danh sách cầu thủ tham dự Giải vô địch bóng đá nữ U-17 thế giới 2016,local_links_with_qid,39
u17w2016,vi,Danh sách cầu thủ tham dự Giải vô địch bóng đá nữ U-17 thế giới 2016,local_players_with_qid,0
u17w2018,es,Equipos participantes en la Copa Mundial Femenina de Fútbol Sub-17 de 2018,attached_by_shirt_number,4
u17w2018,es,Equipos participantes en la Copa Mundial Femenina de Fútbol Sub-17 de 2018,local_linked_players,22
u17w2018,es,Equipos participantes en la Copa Mundial Femenina de Fútbol Sub-17 de 2018,local_links_examined,113
u17w2018,es,Equipos participantes en la Copa Mundial Femenina de Fútbol Sub-17 de 2018,local_links_with_qid,113
u17w2018,es,Equipos participantes en la Copa Mundial Femenina de Fútbol Sub-17 de 2018,local_players_with_qid,22
u17w2018,es,Equipos participantes en la Copa Mundial Femenina de Fútbol Sub-17 de 2018,player_column_index:2,3
u20m1999,vi,Danh sách cầu thủ tham dự Giải vô địch bóng đá trẻ thế giới 1999,local_linked_players,21
u20m1999,vi,Danh sách cầu thủ tham dự Giải vô địch bóng đá trẻ thế giới 1999,local_links_examined,228
u20m1999,vi,Danh sách cầu thủ tham dự Giải vô địch bóng đá trẻ thế giới 1999,local_links_with_qid,227
u20m1999,vi,Danh sách cầu thủ tham dự Giải vô địch bóng đá trẻ thế giới 1999,local_players_with_qid,21
u20m1999,vi,Danh sách cầu thủ tham dự Giải vô địch bóng đá trẻ thế giới 1999,player_column_index:2,3
u20m2001,de,Junioren-Fußballweltmeisterschaft 2001/Kader,local_linked_players,22
u20m2001,de,Junioren-Fußballweltmeisterschaft 2001/Kader,local_links_examined,26
u20m2001,de,Junioren-Fußballweltmeisterschaft 2001/Kader,local_links_with_qid,26
u20m2001,de,Junioren-Fußballweltmeisterschaft 2001/Kader,local_players_with_qid,22
u20m2001,de,Junioren-Fußballweltmeisterschaft 2001/Kader,player_column_index:1,2
u20m2003,vi,Danh sách cầu thủ tham dự Giải vô địch bóng đá trẻ thế giới 2003,local_linked_players,20
u20m2003,vi,Danh sách cầu thủ tham dự Giải vô địch bóng đá trẻ thế giới 2003,local_links_examined,252
u20m2003,vi,Danh sách cầu thủ tham dự Giải vô địch bóng đá trẻ thế giới 2003,local_links_with_qid,251
u20m2003,vi,Danh sách cầu thủ tham dự Giải vô địch bóng đá trẻ thế giới 2003,local_players_with_qid,20
u20m2003,vi,Danh sách cầu thủ tham dự Giải vô địch bóng đá trẻ thế giới 2003,player_column_index:2,2
u20m2005,fr,Équipes de la Coupe du monde de football des moins de 20 ans 2005,attached_by_shirt_number,1
u20m2005,fr,Équipes de la Coupe du monde de football des moins de 20 ans 2005,local_linked_players,318
u20m2005,fr,Équipes de la Coupe du monde de football des moins de 20 ans 2005,local_links_examined,604
u20m2005,fr,Équipes de la Coupe du monde de football des moins de 20 ans 2005,local_links_with_qid,604
u20m2005,fr,Équipes de la Coupe du monde de football des moins de 20 ans 2005,local_players_with_qid,318
u20m2005,fr,Équipes de la Coupe du monde de football des moins de 20 ans 2005,player_column_index:1,22
u20m2005,fr,Équipes de la Coupe du monde de football des moins de 20 ans 2005,unattached_local_player,2
u20m2005,tr,2005 FIFA Dünya Gençler Şampiyonası kadroları,attached_by_shirt_number,2
u20m2005,tr,2005 FIFA Dünya Gençler Şampiyonası kadroları,local_linked_players,162
u20m2005,tr,2005 FIFA Dünya Gençler Şampiyonası kadroları,local_links_examined,428
u20m2005,tr,2005 FIFA Dünya Gençler Şampiyonası kadroları,local_links_with_qid,428
u20m2005,tr,2005 FIFA Dünya Gençler Şampiyonası kadroları,local_players_with_qid,162
u20m2005,tr,2005 FIFA Dünya Gençler Şampiyonası kadroları,player_column_index:2,16
u20m2007,de,U-20-Fußball-Weltmeisterschaft 2007/Kader,attached_by_shirt_number,14
u20m2007,de,U-20-Fußball-Weltmeisterschaft 2007/Kader,local_linked_players,286
u20m2007,de,U-20-Fußball-Weltmeisterschaft 2007/Kader,local_links_examined,542
u20m2007,de,U-20-Fußball-Weltmeisterschaft 2007/Kader,local_links_with_qid,542
u20m2007,de,U-20-Fußball-Weltmeisterschaft 2007/Kader,local_players_with_qid,286
u20m2007,de,U-20-Fußball-Weltmeisterschaft 2007/Kader,player_column_index:1,22
u20m2007,de,U-20-Fußball-Weltmeisterschaft 2007/Kader,shirt_numbers_disagree,1
u20m2007,de,U-20-Fußball-Weltmeisterschaft 2007/Kader,unattached_local_player,16
u20m2009,de,U-20-Fußball-Weltmeisterschaft 2009/Kader,attached_by_shirt_number,1
u20m2009,de,U-20-Fußball-Weltmeisterschaft 2009/Kader,local_linked_players,211
u20m2009,de,U-20-Fußball-Weltmeisterschaft 2009/Kader,local_links_examined,495
u20m2009,de,U-20-Fußball-Weltmeisterschaft 2009/Kader,local_links_with_qid,495
u20m2009,de,U-20-Fußball-Weltmeisterschaft 2009/Kader,local_players_with_qid,211
u20m2009,de,U-20-Fußball-Weltmeisterschaft 2009/Kader,player_column_index:1,17
u20m2009,de,U-20-Fußball-Weltmeisterschaft 2009/Kader,unattached_local_player,3
u20m2011,es,Anexo:Equipos participantes en la Copa Mundial de Fútbol Sub-20 de 2011,local_linked_players,0
u20m2011,es,Anexo:Equipos participantes en la Copa Mundial de Fútbol Sub-20 de 2011,local_links_examined,31
u20m2011,es,Anexo:Equipos participantes en la Copa Mundial de Fútbol Sub-20 de 2011,local_links_with_qid,31
u20m2011,es,Anexo:Equipos participantes en la Copa Mundial de Fútbol Sub-20 de 2011,local_players_with_qid,0
u20m2013,es,Anexo:Equipos participantes en la Copa Mundial de Fútbol Sub-20 de 2013,attached_by_shirt_number,19
u20m2013,es,Anexo:Equipos participantes en la Copa Mundial de Fútbol Sub-20 de 2013,local_linked_players,278
u20m2013,es,Anexo:Equipos participantes en la Copa Mundial de Fútbol Sub-20 de 2013,local_links_examined,549
u20m2013,es,Anexo:Equipos participantes en la Copa Mundial de Fútbol Sub-20 de 2013,local_links_with_qid,549
u20m2013,es,Anexo:Equipos participantes en la Copa Mundial de Fútbol Sub-20 de 2013,local_players_with_qid,278
u20m2013,es,Anexo:Equipos participantes en la Copa Mundial de Fútbol Sub-20 de 2013,player_column_index:2,20
u20m2013,es,Anexo:Equipos participantes en la Copa Mundial de Fútbol Sub-20 de 2013,unattached_local_player,4
u20m2013,ru,Чемпионат мира по футболу среди молодёжных команд 2013 (составы),attached_by_shirt_number,3
u20m2013,ru,Чемпионат мира по футболу среди молодёжных команд 2013 (составы),local_linked_players,225
u20m2013,ru,Чемпионат мира по футболу среди молодёжных команд 2013 (составы),local_links_examined,716
u20m2013,ru,Чемпионат мира по футболу среди молодёжных команд 2013 (составы),local_links_with_qid,716
u20m2013,ru,Чемпионат мира по футболу среди молодёжных команд 2013 (составы),local_players_with_qid,225
u20m2013,ru,Чемпионат мира по футболу среди молодёжных команд 2013 (составы),player_column_index:1,16
u20m2013,ru,Чемпионат мира по футболу среди молодёжных команд 2013 (составы),shirt_numbers_disagree,1
u20m2013,ru,Чемпионат мира по футболу среди молодёжных команд 2013 (составы),unattached_local_player,6
u20m2013,ar,قوائم كأس العالم للشباب تحت 20 سنة 2013,attached_by_shirt_number,5
u20m2013,ar,قوائم كأس العالم للشباب تحت 20 سنة 2013,local_linked_players,354
u20m2013,ar,قوائم كأس العالم للشباب تحت 20 سنة 2013,local_links_examined,636
u20m2013,ar,قوائم كأس العالم للشباب تحت 20 سنة 2013,local_links_with_qid,636
u20m2013,ar,قوائم كأس العالم للشباب تحت 20 سنة 2013,local_players_with_qid,354
u20m2013,ar,قوائم كأس العالم للشباب تحت 20 سنة 2013,player_column_index:2,24
u20m2013,ar,قوائم كأس العالم للشباب تحت 20 سنة 2013,unattached_local_player,5
u20m2015,ru,Чемпионат мира по футболу среди молодёжных команд 2015 (составы),attached_by_shirt_number,3
u20m2015,ru,Чемпионат мира по футболу среди молодёжных команд 2015 (составы),local_linked_players,275
u20m2015,ru,Чемпионат мира по футболу среди молодёжных команд 2015 (составы),local_links_examined,823
u20m2015,ru,Чемпионат мира по футболу среди молодёжных команд 2015 (составы),local_links_with_qid,822
u20m2015,ru,Чемпионат мира по футболу среди молодёжных команд 2015 (составы),local_players_with_qid,274
u20m2015,ru,Чемпионат мира по футболу среди молодёжных команд 2015 (составы),player_column_index:1,21
u20m2015,ru,Чемпионат мира по футболу среди молодёжных команд 2015 (составы),shirt_numbers_disagree,2
u20m2015,ru,Чемпионат мира по футболу среди молодёжных команд 2015 (составы),unattached_local_player,8
u20m2015,uz,FIFA U-20 Jahon chempionati 2015 jamoalar tarkibi,attached_by_shirt_number,6
u20m2015,uz,FIFA U-20 Jahon chempionati 2015 jamoalar tarkibi,local_linked_players,33
u20m2015,uz,FIFA U-20 Jahon chempionati 2015 jamoalar tarkibi,local_links_examined,111
u20m2015,uz,FIFA U-20 Jahon chempionati 2015 jamoalar tarkibi,local_links_with_qid,111
u20m2015,uz,FIFA U-20 Jahon chempionati 2015 jamoalar tarkibi,local_players_with_qid,33
u20m2015,uz,FIFA U-20 Jahon chempionati 2015 jamoalar tarkibi,player_column_index:2,4
u20m2017,es,Anexo:Equipos participantes en la Copa Mundial de Fútbol Sub-20 de 2017,attached_by_shirt_number,30
u20m2017,es,Anexo:Equipos participantes en la Copa Mundial de Fútbol Sub-20 de 2017,local_linked_players,301
u20m2017,es,Anexo:Equipos participantes en la Copa Mundial de Fútbol Sub-20 de 2017,local_links_examined,581
u20m2017,es,Anexo:Equipos participantes en la Copa Mundial de Fútbol Sub-20 de 2017,local_links_with_qid,581
u20m2017,es,Anexo:Equipos participantes en la Copa Mundial de Fútbol Sub-20 de 2017,local_players_with_qid,301
u20m2017,es,Anexo:Equipos participantes en la Copa Mundial de Fútbol Sub-20 de 2017,player_column_index:3,20
u20m2017,es,Anexo:Equipos participantes en la Copa Mundial de Fútbol Sub-20 de 2017,unattached_local_player,14
u20m2017,vi,Danh sách cầu thủ tham dự Giải vô địch bóng đá U-20 thế giới 2017,local_linked_players,104
u20m2017,vi,Danh sách cầu thủ tham dự Giải vô địch bóng đá U-20 thế giới 2017,local_links_examined,330
u20m2017,vi,Danh sách cầu thủ tham dự Giải vô địch bóng đá U-20 thế giới 2017,local_links_with_qid,329
u20m2017,vi,Danh sách cầu thủ tham dự Giải vô địch bóng đá U-20 thế giới 2017,local_players_with_qid,104
u20m2017,vi,Danh sách cầu thủ tham dự Giải vô địch bóng đá U-20 thế giới 2017,player_column_index:2,11
u20m2017,vi,Danh sách cầu thủ tham dự Giải vô địch bóng đá U-20 thế giới 2017,unattached_local_player,1
u20w2008,de,U-20-Fußball-Weltmeisterschaft der Frauen 2008/Kader,attached_by_shirt_number,3
u20w2008,de,U-20-Fußball-Weltmeisterschaft der Frauen 2008/Kader,local_linked_players,108
u20w2008,de,U-20-Fußball-Weltmeisterschaft der Frauen 2008/Kader,local_links_examined,155
u20w2008,de,U-20-Fußball-Weltmeisterschaft der Frauen 2008/Kader,local_links_with_qid,155
u20w2008,de,U-20-Fußball-Weltmeisterschaft der Frauen 2008/Kader,local_players_with_qid,108
u20w2008,de,U-20-Fußball-Weltmeisterschaft der Frauen 2008/Kader,player_column_index:1,10
u20w2008,de,U-20-Fußball-Weltmeisterschaft der Frauen 2008/Kader,unattached_local_player,4
u20w2010,ja,2010 FIFA U-20女子ワールドカップ参加チーム,attached_by_shirt_number,5
u20w2010,ja,2010 FIFA U-20女子ワールドカップ参加チーム,local_linked_players,21
u20w2010,ja,2010 FIFA U-20女子ワールドカップ参加チーム,local_links_examined,344
u20w2010,ja,2010 FIFA U-20女子ワールドカップ参加チーム,local_links_with_qid,343
u20w2010,ja,2010 FIFA U-20女子ワールドカップ参加チーム,local_players_with_qid,21
u20w2010,ja,2010 FIFA U-20女子ワールドカップ参加チーム,player_column_index:2,1
u20w2012,ko,2012년 FIFA U-20 여자 월드컵 선수 명단,local_linked_players,0
u20w2012,ko,2012년 FIFA U-20 여자 월드컵 선수 명단,local_links_examined,51
u20w2012,ko,2012년 FIFA U-20 여자 월드컵 선수 명단,local_links_with_qid,51
u20w2012,ko,2012년 FIFA U-20 여자 월드컵 선수 명단,local_players_with_qid,0
u20w2014,vi,Danh sách cầu thủ tham dự Giải vô địch bóng đá nữ U-20 thế giới 2014,attached_by_shirt_number,1
u20w2014,vi,Danh sách cầu thủ tham dự Giải vô địch bóng đá nữ U-20 thế giới 2014,local_linked_players,8
u20w2014,vi,Danh sách cầu thủ tham dự Giải vô địch bóng đá nữ U-20 thế giới 2014,local_links_examined,53
u20w2014,vi,Danh sách cầu thủ tham dự Giải vô địch bóng đá nữ U-20 thế giới 2014,local_links_with_qid,53
u20w2014,vi,Danh sách cầu thủ tham dự Giải vô địch bóng đá nữ U-20 thế giới 2014,local_players_with_qid,8
u20w2014,vi,Danh sách cầu thủ tham dự Giải vô địch bóng đá nữ U-20 thế giới 2014,player_column_index:2,1
u20w2016,vi,Danh sách cầu thủ tham dự Giải vô địch bóng đá nữ U-20 thế giới 2016,local_linked_players,12
u20w2016,vi,Danh sách cầu thủ tham dự Giải vô địch bóng đá nữ U-20 thế giới 2016,local_links_examined,70
u20w2016,vi,Danh sách cầu thủ tham dự Giải vô địch bóng đá nữ U-20 thế giới 2016,local_links_with_qid,70
u20w2016,vi,Danh sách cầu thủ tham dự Giải vô địch bóng đá nữ U-20 thế giới 2016,local_players_with_qid,12
u20w2016,vi,Danh sách cầu thủ tham dự Giải vô địch bóng đá nữ U-20 thế giới 2016,player_column_index:2,1
u20w2018,ko,2018년 FIFA U-20 여자 월드컵 선수 명단,local_linked_players,0
u20w2018,ko,2018년 FIFA U-20 여자 월드컵 선수 명단,local_links_examined,37
u20w2018,ko,2018년 FIFA U-20 여자 월드컵 선수 명단,local_links_with_qid,37
u20w2018,ko,2018년 FIFA U-20 여자 월드컵 선수 명단,local_players_with_qid,0
