tournament_id,level,gender,year,lang,local_main,candidate_title,recoverable_redlinks,status
u17m1999,u17,m,1999,es,Copa Mundial de Fútbol Sub-17 de 1999,,34,no_squad_page
u17m1999,u17,m,1999,fr,Coupe du monde de football des moins de 17 ans 1999,,18,no_squad_page
u17m1999,u17,m,1999,ar,كأس العالم تحت 17 سنة 1999,تشكيلات بطولة العالم تحت 17 سنة لكرة القدم 1999,13,candidate
u17m1999,u17,m,1999,th,ฟุตบอลโลก รุ่นอายุไม่เกิน 17 ปี 1999,,5,no_squad_page
u17m2001,u17,m,2001,es,Copa Mundial de Fútbol Sub-17 de 2001,,26,no_squad_page
u17m2001,u17,m,2001,fr,Coupe du monde de football des moins de 17 ans 2001,,21,no_squad_page
u17m2001,u17,m,2001,ar,كأس العالم تحت 17 سنة 2001,تشكيلات بطولة العالم تحت 17 سنة لكرة القدم 2001,12,candidate
u17m2001,u17,m,2001,fa,,,12,no_local_tournament_article
u17m2003,u17,m,2003,es,Copa Mundial de Fútbol Sub-17 de 2003,,37,no_squad_page
u17m2003,u17,m,2003,ar,كأس العالم تحت 17 سنة لكرة القدم 2003,تشكيلات بطولة العالم تحت 17 سنة لكرة القدم 2003,12,candidate
u17m2003,u17,m,2003,fr,Coupe du monde de football des moins de 17 ans 2003,,11,no_squad_page
u17m2003,u17,m,2003,ko,2003년 FIFA U-17 세계 축구 선수권 대회,2003년 FIFA U-17 세계 축구 선수권 대회 선수 명단,7,candidate
u17m2005,u17,m,2005,es,Copa Mundial de Fútbol Sub-17 de 2005,,31,no_squad_page
u17m2005,u17,m,2005,fr,Coupe du monde de football des moins de 17 ans 2005,,13,no_squad_page
u17m2005,u17,m,2005,ko,2005년 FIFA U-17 세계 축구 선수권 대회,2005년 FIFA U-17 세계 축구 선수권 대회 선수 명단,13,candidate
u17m2005,u17,m,2005,ar,كأس العالم تحت 17 سنة لكرة القدم 2005,تشكيلات بطولة العالم تحت 17 سنة لكرة القدم 2005,12,candidate
u17m2007,u17,m,2007,es,Copa Mundial de Fútbol Sub-17 de 2007,,51,no_squad_page
u17m2007,u17,m,2007,fr,Coupe du monde de football des moins de 17 ans 2007,,51,no_squad_page
u17m2007,u17,m,2007,ko,2007년 FIFA U-17 월드컵,2007년 FIFA U-17 월드컵 선수 명단,23,candidate
u17m2007,u17,m,2007,ar,كأس العالم تحت 17 سنة لكرة القدم 2007,تشكيلات كأس العالم تحت 17 سنة لكرة القدم 2007,22,candidate
u17m2009,u17,m,2009,es,Copa Mundial de Fútbol Sub-17 de 2009,,56,no_squad_page
u17m2009,u17,m,2009,ar,كأس العالم تحت 17 سنة لكرة القدم 2009,تشكيلات الفرق في كأس العالم للناشئين لكرة القدم 2009,30,candidate
u17m2009,u17,m,2009,ar,كأس العالم تحت 17 سنة لكرة القدم 2009,تشكيلات كأس العالم تحت 17 سنة لكرة القدم 2009,30,candidate
u17m2009,u17,m,2009,fr,Coupe du monde de football des moins de 17 ans 2009,,25,no_squad_page
u17m2009,u17,m,2009,ja,2009 FIFA U-17ワールドカップ,2009 南米U-17選手権,6,candidate
u17m2009,u17,m,2009,ja,2009 FIFA U-17ワールドカップ,CONCACAF U-17選手権2009,6,candidate
u17m2009,u17,m,2009,ja,2009 FIFA U-17ワールドカップ,OFC U-17選手権2009,6,candidate
u17m2009,u17,m,2009,ja,2009 FIFA U-17ワールドカップ,UEFA U-17欧州選手権2009,6,candidate
u17m2009,u17,m,2009,ja,2009 FIFA U-17ワールドカップ,アフリカ U-17選手権2009,6,candidate
u17m2011,u17,m,2011,fr,Coupe du monde de football des moins de 17 ans 2011,,54,no_squad_page
u17m2011,u17,m,2011,es,Copa Mundial de Fútbol Sub-17 de 2011,Anexo:Equipos participantes en la Copa Mundial de Fútbol Sub-17 de 2011,42,candidate
u17m2011,u17,m,2011,ko,2011년 FIFA U-17 월드컵,2011년 FIFA U-17 월드컵 선수 명단,20,candidate
u17m2011,u17,m,2011,uz,FIFA U-17 Jahon chempionati 2011,FIFA U-17 Jahon chempionati tarkiblari 2011,17,candidate
u17m2013,u17,m,2013,es,Copa Mundial de Fútbol Sub-17 de 2013,,69,no_squad_page
u17m2013,u17,m,2013,ar,كأس العالم تحت 17 سنة لكرة القدم 2013,تشكيلات كأس العالم تحت 17 سنة لكرة القدم 2013,46,candidate
u17m2013,u17,m,2013,fr,Coupe du monde de football des moins de 17 ans 2013,,42,no_squad_page
u17m2013,u17,m,2013,ru,Чемпионат мира по футболу среди юношеских команд 2013,Чемпионат мира по футболу среди юношеских команд 2013 (составы),13,candidate
u17m2015,u17,m,2015,es,Copa Mundial de Fútbol Sub-17 de 2015,Anexo:Equipos participantes en la Copa Mundial de Fútbol Sub-17 de 2015,73,candidate
u17m2015,u17,m,2015,fr,Coupe du monde de football des moins de 17 ans 2015,,30,no_squad_page
u17m2015,u17,m,2015,ko,2015년 FIFA U-17 월드컵,2015년 FIFA U-17 월드컵 선수 명단,24,candidate
u17m2015,u17,m,2015,ar,كأس العالم تحت 17 سنة لكرة القدم 2015,تشكيلات كأس العالم تحت 17 سنة لكرة القدم 2015,21,candidate
u17m2017,u17,m,2017,es,Copa Mundial de Fútbol Sub-17 de 2017,,58,no_squad_page
u17m2017,u17,m,2017,fr,Coupe du monde de football des moins de 17 ans 2017,,50,no_squad_page
u17m2017,u17,m,2017,ko,2017년 FIFA U-17 월드컵,2017년 FIFA U-17 월드컵 선수 명단,21,candidate
u17m2017,u17,m,2017,ar,كأس العالم تحت 17 سنة لكرة القدم 2017,تشكيلات كأس العالم تحت 17 سنة لكرة القدم 2017,14,candidate
u20m1999,u20,m,1999,es,Copa Mundial de Fútbol Sub-20 de 1999,,29,no_squad_page
u20m1999,u20,m,1999,fr,Coupe du monde de football juniors 1999,,16,no_squad_page
u20m1999,u20,m,1999,ar,بطولة العالم للشباب لكرة القدم 1999,,12,no_squad_page
u20m1999,u20,m,1999,ru,Чемпионат мира по футболу среди молодёжных команд 1999,Чемпионат мира по футболу среди молодёжных команд 1999 (составы),11,candidate
u20m2001,u20,m,2001,es,Copa Mundial de Fútbol Sub-20 de 2001,,24,no_squad_page
u20m2001,u20,m,2001,pt,Copa do Mundo FIFA Sub-20 de 2001,,9,no_squad_page
u20m2001,u20,m,2001,fa,,,9,no_local_tournament_article
u20m2001,u20,m,2001,fi,Jalkapallon nuorten maailmanmestaruuskilpailut 2001,,7,no_squad_page
u20m2003,u20,m,2003,ar,بطولة العالم للشباب لكرة القدم 2003,,28,no_squad_page
u20m2003,u20,m,2003,fr,Coupe du monde de football juniors 2003,,25,no_squad_page
u20m2003,u20,m,2003,es,Copa Mundial de Fútbol Sub-20 de 2003,,24,no_squad_page
u20m2003,u20,m,2003,uz,Futbol boʻyicha 2003-yilgi yoshlar oʻrtasidagi jahon chempionati,FIFA Jahon yoshlari chempionati tarkiblari 2003,9,candidate
u20m2005,u20,m,2005,es,Copa Mundial de Fútbol Sub-20 de 2005,,29,no_squad_page
u20m2005,u20,m,2005,ar,بطولة العالم للشباب لكرة القدم 2005,,18,no_squad_page
u20m2005,u20,m,2005,fr,Coupe du monde de football juniors 2005,,17,no_squad_page
u20m2005,u20,m,2005,tr,2005 FIFA Dünya Gençler Şampiyonası,2005 FIFA Dünya Gençler Şampiyonası kadroları,3,candidate
u20m2007,u20,m,2007,es,Copa Mundial de Fútbol Sub-20 de 2007,,22,no_squad_page
u20m2007,u20,m,2007,fr,Coupe du monde de football des moins de 20 ans 2007,,16,no_squad_page
u20m2007,u20,m,2007,ko,2007년 FIFA U-20 월드컵,2007년 FIFA U-20 월드컵 선수 명단,11,candidate
u20m2007,u20,m,2007,ar,كأس العالم تحت 20 سنة لكرة القدم 2007,,4,no_squad_page
u20m2009,u20,m,2009,es,Copa Mundial de Fútbol Sub-20 de 2009,,24,no_squad_page
u20m2009,u20,m,2009,uz,Futbol boʻyicha 2009-yilgi U-20 jahon chempionati,FIFA U-20 Jahon chempionati tarkiblari 2009,9,candidate
u20m2009,u20,m,2009,ru,Чемпионат мира по футболу среди молодёжных команд 2009,Чемпионат мира по футболу среди молодёжных команд 2009 (составы),9,candidate
u20m2009,u20,m,2009,fr,Coupe du monde de football des moins de 20 ans 2009,,8,no_squad_page
u20m2011,u20,m,2011,es,Copa Mundial de Fútbol Sub-20 de 2011,Anexo:Equipos participantes en la Copa Mundial de Fútbol Sub-20 de 2011,45,candidate
u20m2011,u20,m,2011,fr,Coupe du monde de football des moins de 20 ans 2011,,24,no_squad_page
u20m2011,u20,m,2011,ko,2011년 FIFA U-20 월드컵,2011년 FIFA U-20 월드컵 선수 명단,18,candidate
u20m2011,u20,m,2011,ar,كأس العالم تحت 20 سنة لكرة القدم 2011,,3,no_squad_page
u20m2013,u20,m,2013,es,Copa Mundial de Fútbol Sub-20 de 2013,Anexo:Equipos participantes en la Copa Mundial de Fútbol Sub-20 de 2013,33,candidate
u20m2013,u20,m,2013,uz,Futbol boʻyicha 2013-yilgi U-20 jahon chempionati,FIFA U-20 Jahon chempionati 2013 jamoalar tarkiblari,13,candidate
u20m2013,u20,m,2013,uz,Futbol boʻyicha 2013-yilgi U-20 jahon chempionati,FIFA U-20 Jahon chempionati tarkiblari 2013,13,candidate
u20m2013,u20,m,2013,ru,Чемпионат мира по футболу среди молодёжных команд 2013,Чемпионат мира по футболу среди молодёжных команд 2013 (составы),13,candidate
u20m2013,u20,m,2013,ar,كأس العالم تحت 20 سنة لكرة القدم 2013,,11,no_squad_page
u20m2015,u20,m,2015,es,Copa Mundial de Fútbol Sub-20 de 2015,Anexo:Equipos participantes de la Copa Mundial de Fútbol Sub-20 de 2015,22,candidate
u20m2015,u20,m,2015,ko,2015년 FIFA U-20 월드컵,2015년 FIFA U-20 월드컵 선수 명단,19,candidate
u20m2015,u20,m,2015,fr,Coupe du monde de football des moins de 20 ans 2015,,11,no_squad_page
u20m2015,u20,m,2015,uz,Futbol boʻyicha 2015-yilgi U-20 jahon chempionati,FIFA U-20 Jahon chempionati 2015 jamoalar tarkibi,8,candidate
u20m2015,u20,m,2015,uz,Futbol boʻyicha 2015-yilgi U-20 jahon chempionati,FIFA U-20 Jahon chempionati tarkiblari 2015,8,candidate
u20m2017,u20,m,2017,es,Copa Mundial de Fútbol Sub-20 de 2017,Anexo:Equipos participantes en la Copa Mundial de Fútbol Sub-20 de 2017,36,candidate
u20m2017,u20,m,2017,fr,Coupe du monde de football des moins de 20 ans 2017,,22,no_squad_page
u20m2017,u20,m,2017,fa,جام جهانی فوتبال زیر ۲۰ سال ۲۰۱۷,,1,no_squad_page
u20m2017,u20,m,2017,vi,Giải vô địch bóng đá U-20 thế giới 2017,Danh sách cầu thủ tham dự Giải vô địch bóng đá U-20 thế giới 2017,1,candidate
u20m2017,u20,m,2017,vi,Giải vô địch bóng đá U-20 thế giới 2017,Danh sách cầu thủ tham dự giải vô địch bóng đá U-20 thế giới 2017,1,candidate
u17w2008,u17,w,2008,es,Copa Mundial Femenina de Fútbol Sub-17 de 2008,,41,no_squad_page
u17w2008,u17,w,2008,ko,2008년 FIFA U-17 여자 월드컵,2008년 FIFA U-17 여자 월드컵 선수 명단,27,candidate
u17w2008,u17,w,2008,fr,Coupe du monde féminine de football des moins de 17 ans 2008,,24,no_squad_page
u17w2008,u17,w,2008,pt,Copa do Mundo de Futebol Feminino Sub-17 de 2008,,15,no_squad_page
u17w2010,u17,w,2010,es,Copa Mundial Femenina de Fútbol Sub-17 de 2010,,40,no_squad_page
u17w2010,u17,w,2010,ko,2010년 FIFA U-17 여자 월드컵,2010년 FIFA U-17 여자 월드컵 선수 명단,31,candidate
u17w2010,u17,w,2010,fr,Coupe du monde féminine de football des moins de 17 ans 2010,,13,no_squad_page
u17w2010,u17,w,2010,pt,Copa do Mundo de Futebol Feminino Sub-17 de 2010,,11,no_squad_page
u17w2012,u17,w,2012,es,Copa Mundial Femenina de Fútbol Sub-17 de 2012,,36,no_squad_page
u17w2012,u17,w,2012,ko,2012년 FIFA U-17 여자 월드컵,2012년 FIFA U-17 여자 월드컵 선수 명단,21,candidate
u17w2012,u17,w,2012,pt,Copa do Mundo de Futebol Feminino Sub-17 de 2012,,15,no_squad_page
u17w2012,u17,w,2012,zh,2012年國際足協U-17女子世界盃,,15,no_squad_page
u17w2014,u17,w,2014,es,Copa Mundial Femenina de Fútbol Sub-17 de 2014,,78,no_squad_page
u17w2014,u17,w,2014,zh,2014年國際足協U-17女子世界盃,,20,no_squad_page
u17w2014,u17,w,2014,ko,2014년 FIFA U-17 여자 월드컵,2014년 FIFA U-17 여자 월드컵 선수 명단,19,candidate
u17w2014,u17,w,2014,it,Campionato mondiale femminile under 17 di calcio 2014,Convocazioni per il campionato mondiale femminile under 17 di calcio 2014,15,candidate
u17w2016,u17,w,2016,es,Copa Mundial Femenina de Fútbol Sub-17 de 2016,,36,no_squad_page
u17w2016,u17,w,2016,fr,Coupe du monde féminine de football des moins de 17 ans 2016,,26,no_squad_page
u17w2016,u17,w,2016,ar,كأس العالم للسيدات تحت 17 سنة لكرة القدم 2016,,19,no_squad_page
u17w2016,u17,w,2016,ko,2016년 FIFA U-17 여자 월드컵,2016년 FIFA U-17 여자 월드컵 선수 명단,19,candidate
u17w2018,u17,w,2018,es,Copa Mundial Femenina de Fútbol Sub-17 de 2018,Equipos participantes en la Copa Mundial Femenina de Fútbol Sub-17 de 2018,38,candidate
u17w2018,u17,w,2018,ko,2018년 FIFA U-17 여자 월드컵,2018년 FIFA U-17 여자 월드컵 선수 명단,35,candidate
u17w2018,u17,w,2018,fr,Coupe du monde féminine de football des moins de 17 ans 2018,,26,no_squad_page
u17w2018,u17,w,2018,fi,Jalkapallon alle 17-vuotiaiden naisten maailmanmestaruuskilpailut 2018,,14,no_squad_page
u20w2008,u20,w,2008,es,Copa Mundial Femenina de Fútbol Sub-20 de 2008,,33,no_squad_page
u20w2008,u20,w,2008,fr,Coupe du monde féminine de football des moins de 20 ans 2008,,32,no_squad_page
u20w2008,u20,w,2008,ko,2008년 FIFA U-20 여자 월드컵,2008년 FIFA U-20 여자 월드컵 선수 명단,17,candidate
u20w2008,u20,w,2008,pt,Copa do Mundo de Futebol Feminino Sub-20 de 2008,,14,no_squad_page
u20w2010,u20,w,2010,es,Copa Mundial Femenina de Fútbol Sub-20 de 2010,,27,no_squad_page
u20w2010,u20,w,2010,ko,2010년 FIFA U-20 여자 월드컵,2010년 FIFA U-20 여자 월드컵 선수 명단,19,candidate
u20w2010,u20,w,2010,fr,Coupe du monde féminine de football des moins de 20 ans 2010,,17,no_squad_page
u20w2010,u20,w,2010,pt,Copa do Mundo de Futebol Feminino Sub-20 de 2010,,15,no_squad_page
u20w2012,u20,w,2012,fr,Coupe du monde féminine de football des moins de 20 ans 2012,,24,no_squad_page
u20w2012,u20,w,2012,ko,2012년 FIFA U-20 여자 월드컵,2012년 FIFA U-20 여자 월드컵 선수 명단,19,candidate
u20w2012,u20,w,2012,de,U-20-Fußball-Weltmeisterschaft der Frauen 2012,,18,no_squad_page
u20w2012,u20,w,2012,es,Copa Mundial Femenina de Fútbol Sub-20 de 2012,,17,no_squad_page
u20w2014,u20,w,2014,ko,2014년 FIFA U-20 여자 월드컵,2014년 FIFA U-20 여자 월드컵 선수 명단,32,candidate
u20w2014,u20,w,2014,es,Copa Mundial Femenina de Fútbol Sub-20 de 2014,,28,no_squad_page
u20w2014,u20,w,2014,zh,2014年國際足協U-20女子世界盃,,12,no_squad_page
u20w2014,u20,w,2014,pt,Copa do Mundo de Futebol Feminino Sub-20 de 2014,,11,no_squad_page
u20w2016,u20,w,2016,ko,2016년 FIFA U-20 여자 월드컵,2016년 FIFA U-20 여자 월드컵 선수 명단,35,candidate
u20w2016,u20,w,2016,es,Copa Mundial Femenina de Fútbol Sub-20 de 2016,,12,no_squad_page
u20w2016,u20,w,2016,fr,Coupe du monde féminine de football des moins de 20 ans 2016,,12,no_squad_page
u20w2016,u20,w,2016,sv,U20-världsmästerskapet i fotboll för damer 2016,,6,no_squad_page
u20w2018,u20,w,2018,ko,2018년 FIFA U-20 여자 월드컵,2018년 FIFA U-20 여자 월드컵 선수 명단,19,candidate
u20w2018,u20,w,2018,fr,Coupe du monde féminine de football des moins de 20 ans 2018,,12,no_squad_page
u20w2018,u20,w,2018,zh,2018年國際足協U-20女子世界盃,,11,no_squad_page
u20w2018,u20,w,2018,nl,Wereldkampioenschap voetbal vrouwen onder 20 - 2018,,8,no_squad_page
