tournament_id,lang,page_title,team,check,severity,expected,observed,detail
u17m1999,vi,Danh sách cầu thủ tham dự giải vô địch bóng đá U-17 thế giới 1999,,team_count,error,16,0,matched: 
u17m1999,vi,Danh sách cầu thủ tham dự giải vô địch bóng đá U-17 thế giới 1999,,unmatched_section,warn,matched,unmatched,"heading 'New Zealand', 18 rows"
u17m1999,vi,Danh sách cầu thủ tham dự giải vô địch bóng đá U-17 thế giới 1999,,unmatched_section,warn,matched,unmatched,"heading 'Hoa Kỳ', 18 rows"
u17m1999,vi,Danh sách cầu thủ tham dự giải vô địch bóng đá U-17 thế giới 1999,,unmatched_section,warn,matched,unmatched,"heading 'Uruguay', 18 rows"
u17m1999,vi,Danh sách cầu thủ tham dự giải vô địch bóng đá U-17 thế giới 1999,,unmatched_section,warn,matched,unmatched,"heading 'Ba Lan', 18 rows"
u17m1999,vi,Danh sách cầu thủ tham dự giải vô địch bóng đá U-17 thế giới 1999,,unmatched_section,warn,matched,unmatched,"heading 'Ghana', 18 rows"
u17m1999,vi,Danh sách cầu thủ tham dự giải vô địch bóng đá U-17 thế giới 1999,,unmatched_section,warn,matched,unmatched,"heading 'Tây Ban Nha', 18 rows"
u17m1999,vi,Danh sách cầu thủ tham dự giải vô địch bóng đá U-17 thế giới 1999,,unmatched_section,warn,matched,unmatched,"heading 'México', 18 rows"
u17m1999,vi,Danh sách cầu thủ tham dự giải vô địch bóng đá U-17 thế giới 1999,,unmatched_section,warn,matched,unmatched,"heading 'Thái Lan', 17 rows"
u17m1999,vi,Danh sách cầu thủ tham dự giải vô địch bóng đá U-17 thế giới 1999,,unmatched_section,warn,matched,unmatched,"heading 'Brasil', 18 rows"
u17m1999,vi,Danh sách cầu thủ tham dự giải vô địch bóng đá U-17 thế giới 1999,,unmatched_section,warn,matched,unmatched,"heading 'Úc', 18 rows"
u17m1999,vi,Danh sách cầu thủ tham dự giải vô địch bóng đá U-17 thế giới 1999,,unmatched_section,warn,matched,unmatched,"heading 'Mali', 18 rows"
u17m1999,vi,Danh sách cầu thủ tham dự giải vô địch bóng đá U-17 thế giới 1999,,unmatched_section,warn,matched,unmatched,"heading 'Đức', 18 rows"
u17m1999,vi,Danh sách cầu thủ tham dự giải vô địch bóng đá U-17 thế giới 1999,,unmatched_section,warn,matched,unmatched,"heading 'Jamaica', 18 rows"
u17m1999,vi,Danh sách cầu thủ tham dự giải vô địch bóng đá U-17 thế giới 1999,,unmatched_section,warn,matched,unmatched,"heading 'Burkina Faso', 18 rows"
u17m1999,vi,Danh sách cầu thủ tham dự giải vô địch bóng đá U-17 thế giới 1999,,unmatched_section,warn,matched,unmatched,"heading 'Paraguay', 18 rows"
u17m1999,vi,Danh sách cầu thủ tham dự giải vô địch bóng đá U-17 thế giới 1999,,unmatched_section,warn,matched,unmatched,"heading 'Qatar', 21 rows"
u17m2001,vi,Danh sách cầu thủ tham dự giải vô địch bóng đá U-17 thế giới 2001,,team_count,error,16,1,matched: Japan
u17m2001,vi,Danh sách cầu thủ tham dự giải vô địch bóng đá U-17 thế giới 2001,,unmatched_section,warn,matched,unmatched,"heading 'Trinidad và Tobago', 18 rows"
u17m2001,vi,Danh sách cầu thủ tham dự giải vô địch bóng đá U-17 thế giới 2001,,unmatched_section,warn,matched,unmatched,"heading 'Croatia', 18 rows"
u17m2001,vi,Danh sách cầu thủ tham dự giải vô địch bóng đá U-17 thế giới 2001,,unmatched_section,warn,matched,unmatched,"heading 'Úc', 18 rows"
u17m2001,vi,Danh sách cầu thủ tham dự giải vô địch bóng đá U-17 thế giới 2001,,unmatched_section,warn,matched,unmatched,"heading 'Brasil', 18 rows"
u17m2001,vi,Danh sách cầu thủ tham dự giải vô địch bóng đá U-17 thế giới 2001,,unmatched_section,warn,matched,unmatched,"heading 'Hoa Kỳ', 18 rows"
u17m2001,vi,Danh sách cầu thủ tham dự giải vô địch bóng đá U-17 thế giới 2001,,unmatched_section,warn,matched,unmatched,"heading 'Pháp', 18 rows"
u17m2001,vi,Danh sách cầu thủ tham dự giải vô địch bóng đá U-17 thế giới 2001,,unmatched_section,warn,matched,unmatched,"heading 'Nigeria', 18 rows"
u17m2001,vi,Danh sách cầu thủ tham dự giải vô địch bóng đá U-17 thế giới 2001,,unmatched_section,warn,matched,unmatched,"heading 'Oman', 18 rows"
u17m2001,vi,Danh sách cầu thủ tham dự giải vô địch bóng đá U-17 thế giới 2001,,unmatched_section,warn,matched,unmatched,"heading 'Tây Ban Nha', 18 rows"
u17m2001,vi,Danh sách cầu thủ tham dự giải vô địch bóng đá U-17 thế giới 2001,,unmatched_section,warn,matched,unmatched,"heading 'Argentina', 18 rows"
u17m2001,vi,Danh sách cầu thủ tham dự giải vô địch bóng đá U-17 thế giới 2001,,unmatched_section,warn,matched,unmatched,"heading 'Burkina Faso', 18 rows"
u17m2001,vi,Danh sách cầu thủ tham dự giải vô địch bóng đá U-17 thế giới 2001,,unmatched_section,warn,matched,unmatched,"heading 'Mali', 18 rows"
u17m2001,vi,Danh sách cầu thủ tham dự giải vô địch bóng đá U-17 thế giới 2001,,unmatched_section,warn,matched,unmatched,"heading 'Paraguay', 18 rows"
u17m2001,vi,Danh sách cầu thủ tham dự giải vô địch bóng đá U-17 thế giới 2001,,unmatched_section,warn,matched,unmatched,"heading 'Iran', 18 rows"
u17m2001,vi,Danh sách cầu thủ tham dự giải vô địch bóng đá U-17 thế giới 2001,,unmatched_section,warn,matched,unmatched,"heading 'Costa Rica', 18 rows"
u17m2001,vi,Danh sách cầu thủ tham dự giải vô địch bóng đá U-17 thế giới 2001,,unmatched_section,warn,matched,unmatched,"heading 'Ghi chú', 3 rows"
u17m2003,ar,قوائم منتخبات كأس العالم تحت 17 سنة لكرة القدم 2003,,team_count,error,16,8,"matched: Argentina, China PR, Colombia, Mexico, Portugal, South Korea, Spain, Yemen"
u17m2003,ar,قوائم منتخبات كأس العالم تحت 17 سنة لكرة القدم 2003,,unmatched_section,warn,matched,unmatched,"heading '(lead)', 2 rows"
u17m2003,ar,قوائم منتخبات كأس العالم تحت 17 سنة لكرة القدم 2003,,unmatched_section,warn,matched,unmatched,"heading 'فنلندا', 20 rows"
u17m2003,ar,قوائم منتخبات كأس العالم تحت 17 سنة لكرة القدم 2003,,unmatched_section,warn,matched,unmatched,"heading 'أستراليا', 20 rows"
u17m2003,ar,قوائم منتخبات كأس العالم تحت 17 سنة لكرة القدم 2003,,unmatched_section,warn,matched,unmatched,"heading 'كوستاريكا', 20 rows"
u17m2003,ar,قوائم منتخبات كأس العالم تحت 17 سنة لكرة القدم 2003,,unmatched_section,warn,matched,unmatched,"heading 'نيجيريا', 20 rows"
u17m2003,ar,قوائم منتخبات كأس العالم تحت 17 سنة لكرة القدم 2003,,unmatched_section,warn,matched,unmatched,"heading 'الكاميرون', 20 rows"
u17m2003,ar,قوائم منتخبات كأس العالم تحت 17 سنة لكرة القدم 2003,,unmatched_section,warn,matched,unmatched,"heading 'البرازيل', 20 rows"
u17m2003,ar,قوائم منتخبات كأس العالم تحت 17 سنة لكرة القدم 2003,,unmatched_section,warn,matched,unmatched,"heading 'الولايات المتحدة', 20 rows"
u17m2003,ar,قوائم منتخبات كأس العالم تحت 17 سنة لكرة القدم 2003,,unmatched_section,warn,matched,unmatched,"heading 'سيراليون', 22 rows"
u17m2005,vi,Danh sách cầu thủ tham dự giải vô địch bóng đá U-17 thế giới 2005,,team_count,error,16,2,"matched: Brazil, Turkey"
u17m2005,vi,Danh sách cầu thủ tham dự giải vô địch bóng đá U-17 thế giới 2005,,unmatched_section,warn,matched,unmatched,"heading 'Perú', 20 rows"
u17m2005,vi,Danh sách cầu thủ tham dự giải vô địch bóng đá U-17 thế giới 2005,,unmatched_section,warn,matched,unmatched,"heading 'Ghana', 20 rows"
u17m2005,vi,Danh sách cầu thủ tham dự giải vô địch bóng đá U-17 thế giới 2005,,unmatched_section,warn,matched,unmatched,"heading 'Trung Quốc', 20 rows"
u17m2005,vi,Danh sách cầu thủ tham dự giải vô địch bóng đá U-17 thế giới 2005,,unmatched_section,warn,matched,unmatched,"heading 'Costa Rica', 20 rows"
u17m2005,vi,Danh sách cầu thủ tham dự giải vô địch bóng đá U-17 thế giới 2005,,unmatched_section,warn,matched,unmatched,"heading 'Uruguay', 20 rows"
u17m2005,vi,Danh sách cầu thủ tham dự giải vô địch bóng đá U-17 thế giới 2005,,unmatched_section,warn,matched,unmatched,"heading 'México', 20 rows"
u17m2005,vi,Danh sách cầu thủ tham dự giải vô địch bóng đá U-17 thế giới 2005,,unmatched_section,warn,matched,unmatched,"heading 'Úc', 20 rows"
u17m2005,vi,Danh sách cầu thủ tham dự giải vô địch bóng đá U-17 thế giới 2005,,unmatched_section,warn,matched,unmatched,"heading 'Bờ Biển Ngà', 20 rows"
u17m2005,vi,Danh sách cầu thủ tham dự giải vô địch bóng đá U-17 thế giới 2005,,unmatched_section,warn,matched,unmatched,"heading 'Ý', 20 rows"
u17m2005,vi,Danh sách cầu thủ tham dự giải vô địch bóng đá U-17 thế giới 2005,,unmatched_section,warn,matched,unmatched,"heading 'CHDCND Triều Tiên', 20 rows"
u17m2005,vi,Danh sách cầu thủ tham dự giải vô địch bóng đá U-17 thế giới 2005,,unmatched_section,warn,matched,unmatched,"heading 'Hoa Kỳ', 20 rows"
u17m2005,vi,Danh sách cầu thủ tham dự giải vô địch bóng đá U-17 thế giới 2005,,unmatched_section,warn,matched,unmatched,"heading 'Hà Lan', 20 rows"
u17m2005,vi,Danh sách cầu thủ tham dự giải vô địch bóng đá U-17 thế giới 2005,,unmatched_section,warn,matched,unmatched,"heading 'Qatar', 20 rows"
u17m2005,vi,Danh sách cầu thủ tham dự giải vô địch bóng đá U-17 thế giới 2005,,unmatched_section,warn,matched,unmatched,"heading 'Gambia', 20 rows"
u17m2005,vi,Danh sách cầu thủ tham dự giải vô địch bóng đá U-17 thế giới 2005,,unmatched_section,warn,matched,unmatched,"heading 'Tham khảo', 3 rows"
u17m2007,vi,Danh sách cầu thủ tham dự giải vô địch bóng đá U-17 thế giới 2007,,team_count,error,24,6,"matched: Argentina, Germany, Ghana, Japan, South Korea, Spain"
u17m2007,vi,Danh sách cầu thủ tham dự giải vô địch bóng đá U-17 thế giới 2007,,unmatched_section,warn,matched,unmatched,"heading 'Costa Rica', 21 rows"
u17m2007,vi,Danh sách cầu thủ tham dự giải vô địch bóng đá U-17 thế giới 2007,,unmatched_section,warn,matched,unmatched,"heading 'Perú', 21 rows"
u17m2007,vi,Danh sách cầu thủ tham dự giải vô địch bóng đá U-17 thế giới 2007,,unmatched_section,warn,matched,unmatched,"heading 'Togo', 21 rows"
u17m2007,vi,Danh sách cầu thủ tham dự giải vô địch bóng đá U-17 thế giới 2007,,unmatched_section,warn,matched,unmatched,"heading 'Brasil', 21 rows"
u17m2007,vi,Danh sách cầu thủ tham dự giải vô địch bóng đá U-17 thế giới 2007,,unmatched_section,warn,matched,unmatched,"heading 'Anh', 21 rows"
u17m2007,vi,Danh sách cầu thủ tham dự giải vô địch bóng đá U-17 thế giới 2007,,unmatched_section,warn,matched,unmatched,"heading 'CHDCND Triều Tiên', 21 rows"
u17m2007,vi,Danh sách cầu thủ tham dự giải vô địch bóng đá U-17 thế giới 2007,,unmatched_section,warn,matched,unmatched,"heading 'New Zealand', 21 rows"
u17m2007,vi,Danh sách cầu thủ tham dự giải vô địch bóng đá U-17 thế giới 2007,,unmatched_section,warn,matched,unmatched,"heading 'Honduras', 21 rows"
u17m2007,vi,Danh sách cầu thủ tham dự giải vô địch bóng đá U-17 thế giới 2007,,unmatched_section,warn,matched,unmatched,"heading 'Syria', 21 rows"
u17m2007,vi,Danh sách cầu thủ tham dự giải vô địch bóng đá U-17 thế giới 2007,,unmatched_section,warn,matched,unmatched,"heading 'Pháp', 21 rows"
u17m2007,vi,Danh sách cầu thủ tham dự giải vô địch bóng đá U-17 thế giới 2007,,unmatched_section,warn,matched,unmatched,"heading 'Haiti', 21 rows"
u17m2007,vi,Danh sách cầu thủ tham dự giải vô địch bóng đá U-17 thế giới 2007,,unmatched_section,warn,matched,unmatched,"heading 'Nigeria', 21 rows"
u17m2007,vi,Danh sách cầu thủ tham dự giải vô địch bóng đá U-17 thế giới 2007,,unmatched_section,warn,matched,unmatched,"heading 'Bỉ', 21 rows"
u17m2007,vi,Danh sách cầu thủ tham dự giải vô địch bóng đá U-17 thế giới 2007,,unmatched_section,warn,matched,unmatched,"heading 'Tajikistan', 21 rows"
u17m2007,vi,Danh sách cầu thủ tham dự giải vô địch bóng đá U-17 thế giới 2007,,unmatched_section,warn,matched,unmatched,"heading 'Tunisia', 21 rows"
u17m2007,vi,Danh sách cầu thủ tham dự giải vô địch bóng đá U-17 thế giới 2007,,unmatched_section,warn,matched,unmatched,"heading 'Hoa Kỳ', 21 rows"
u17m2007,vi,Danh sách cầu thủ tham dự giải vô địch bóng đá U-17 thế giới 2007,,unmatched_section,warn,matched,unmatched,"heading 'Colombia', 21 rows"
u17m2007,vi,Danh sách cầu thủ tham dự giải vô địch bóng đá U-17 thế giới 2007,,unmatched_section,warn,matched,unmatched,"heading 'Trinidad và Tobago', 21 rows"
u17m2007,vi,Danh sách cầu thủ tham dự giải vô địch bóng đá U-17 thế giới 2007,,unmatched_section,warn,matched,unmatched,"heading 'Tham khảo', 3 rows"
u17m2009,vi,Danh sách cầu thủ tham dự giải vô địch bóng đá U-17 thế giới 2009,,team_count,error,24,5,"matched: Brazil, Germany, Japan, South Korea, Spain"
u17m2009,vi,Danh sách cầu thủ tham dự giải vô địch bóng đá U-17 thế giới 2009,,unmatched_section,warn,matched,unmatched,"heading 'Nigeria', 21 rows"
u17m2009,vi,Danh sách cầu thủ tham dự giải vô địch bóng đá U-17 thế giới 2009,,unmatched_section,warn,matched,unmatched,"heading 'Honduras', 21 rows"
u17m2009,vi,Danh sách cầu thủ tham dự giải vô địch bóng đá U-17 thế giới 2009,,unmatched_section,warn,matched,unmatched,"heading 'Argentina', 21 rows"
u17m2009,vi,Danh sách cầu thủ tham dự giải vô địch bóng đá U-17 thế giới 2009,,unmatched_section,warn,matched,unmatched,"heading 'México', 21 rows"
u17m2009,vi,Danh sách cầu thủ tham dự giải vô địch bóng đá U-17 thế giới 2009,,unmatched_section,warn,matched,unmatched,"heading 'Thụy Sĩ', 21 rows"
u17m2009,vi,Danh sách cầu thủ tham dự giải vô địch bóng đá U-17 thế giới 2009,,unmatched_section,warn,matched,unmatched,"heading 'Iran', 21 rows"
u17m2009,vi,Danh sách cầu thủ tham dự giải vô địch bóng đá U-17 thế giới 2009,,unmatched_section,warn,matched,unmatched,"heading 'Gambia', 21 rows"
u17m2009,vi,Danh sách cầu thủ tham dự giải vô địch bóng đá U-17 thế giới 2009,,unmatched_section,warn,matched,unmatched,"heading 'Colombia', 21 rows"
u17m2009,vi,Danh sách cầu thủ tham dự giải vô địch bóng đá U-17 thế giới 2009,,unmatched_section,warn,matched,unmatched,"heading 'Hà Lan', 21 rows"
u17m2009,vi,Danh sách cầu thủ tham dự giải vô địch bóng đá U-17 thế giới 2009,,unmatched_section,warn,matched,unmatched,"heading 'Thổ Nhĩ Kỳ', 21 rows"
u17m2009,vi,Danh sách cầu thủ tham dự giải vô địch bóng đá U-17 thế giới 2009,,unmatched_section,warn,matched,unmatched,"heading 'Burkina Faso', 21 rows"
u17m2009,vi,Danh sách cầu thủ tham dự giải vô địch bóng đá U-17 thế giới 2009,,unmatched_section,warn,matched,unmatched,"heading 'Costa Rica', 21 rows"
u17m2009,vi,Danh sách cầu thủ tham dự giải vô địch bóng đá U-17 thế giới 2009,,unmatched_section,warn,matched,unmatched,"heading 'New Zealand', 21 rows"
u17m2009,vi,Danh sách cầu thủ tham dự giải vô địch bóng đá U-17 thế giới 2009,,unmatched_section,warn,matched,unmatched,"heading 'UAE', 21 rows"
u17m2009,vi,Danh sách cầu thủ tham dự giải vô địch bóng đá U-17 thế giới 2009,,unmatched_section,warn,matched,unmatched,"heading 'Malawi', 21 rows"
u17m2009,vi,Danh sách cầu thủ tham dự giải vô địch bóng đá U-17 thế giới 2009,,unmatched_section,warn,matched,unmatched,"heading 'Hoa Kỳ', 21 rows"
u17m2009,vi,Danh sách cầu thủ tham dự giải vô địch bóng đá U-17 thế giới 2009,,unmatched_section,warn,matched,unmatched,"heading 'Uruguay', 21 rows"
u17m2009,vi,Danh sách cầu thủ tham dự giải vô địch bóng đá U-17 thế giới 2009,,unmatched_section,warn,matched,unmatched,"heading 'Algérie', 21 rows"
u17m2009,vi,Danh sách cầu thủ tham dự giải vô địch bóng đá U-17 thế giới 2009,,unmatched_section,warn,matched,unmatched,"heading 'Ý', 21 rows"
u17m2009,vi,Danh sách cầu thủ tham dự giải vô địch bóng đá U-17 thế giới 2009,,unmatched_section,warn,matched,unmatched,"heading 'Liên kết ngoài', 3 rows"
u17m2011,es,Anexo:Equipos participantes en la Copa Mundial de Fútbol Sub-17 de 2011,,team_count,error,24,16,"matched: Argentina, Brazil, Canada, Czech Republic, Denmark, Ecuador, England, France, Germany, Japan, Mexico, Netherlands, New Zealand, Panama, United States, Uruguay"
u17m2011,es,Anexo:Equipos participantes en la Copa Mundial de Fútbol Sub-17 de 2011,,unmatched_section,warn,matched,unmatched,"heading 'Equipos participantes', 7 rows"
u17m2011,es,Anexo:Equipos participantes en la Copa Mundial de Fútbol Sub-17 de 2011,,unmatched_section,warn,matched,unmatched,"heading 'Congo Congo', 19 rows"
u17m2011,es,Anexo:Equipos participantes en la Copa Mundial de Fútbol Sub-17 de 2011,,unmatched_section,warn,matched,unmatched,"heading 'Corea del Norte Corea del Norte', 21 rows"
u17m2011,es,Anexo:Equipos participantes en la Copa Mundial de Fútbol Sub-17 de 2011,,unmatched_section,warn,matched,unmatched,"heading 'Jamaica Jamaica', 21 rows"
u17m2011,es,Anexo:Equipos participantes en la Copa Mundial de Fútbol Sub-17 de 2011,,unmatched_section,warn,matched,unmatched,"heading 'Ruanda Ruanda', 21 rows"
u17m2011,es,Anexo:Equipos participantes en la Copa Mundial de Fútbol Sub-17 de 2011,,unmatched_section,warn,matched,unmatched,"heading 'Uzbekistán Uzbekistán', 21 rows"
u17m2011,es,Anexo:Equipos participantes en la Copa Mundial de Fútbol Sub-17 de 2011,,unmatched_section,warn,matched,unmatched,"heading 'Burkina Faso Burkina Faso', 21 rows"
u17m2011,es,Anexo:Equipos participantes en la Copa Mundial de Fútbol Sub-17 de 2011,,unmatched_section,warn,matched,unmatched,"heading 'Australia Australia', 21 rows"
u17m2011,es,Anexo:Equipos participantes en la Copa Mundial de Fútbol Sub-17 de 2011,,unmatched_section,warn,matched,unmatched,"heading 'Costa de Marfil Costa de Marfil', 21 rows"
u17m2011,es,Anexo:Equipos participantes en la Copa Mundial de Fútbol Sub-17 de 2011,,unmatched_section,warn,matched,unmatched,"heading 'Enlaces externos', 1 rows"
u17m2011,es,Anexo:Equipos participantes en la Copa Mundial de Fútbol Sub-17 de 2011,Czech Republic,squad_size_vs_edition,warn,21,20,1 off this page's modal squad size (15 of 16 squads are 21)
u17m2013,vi,Danh sách cầu thủ tham dự giải vô địch bóng đá U-17 thế giới 2013,,team_count,error,24,5,"matched: Iran, Japan, Russia, Slovakia, Uzbekistan"
u17m2013,vi,Danh sách cầu thủ tham dự giải vô địch bóng đá U-17 thế giới 2013,,unmatched_section,warn,matched,unmatched,"heading 'UAE', 21 rows"
u17m2013,vi,Danh sách cầu thủ tham dự giải vô địch bóng đá U-17 thế giới 2013,,unmatched_section,warn,matched,unmatched,"heading 'Honduras', 21 rows"
u17m2013,vi,Danh sách cầu thủ tham dự giải vô địch bóng đá U-17 thế giới 2013,,unmatched_section,warn,matched,unmatched,"heading 'Brasil', 21 rows"
u17m2013,vi,Danh sách cầu thủ tham dự giải vô địch bóng đá U-17 thế giới 2013,,unmatched_section,warn,matched,unmatched,"heading 'Uruguay', 21 rows"
u17m2013,vi,Danh sách cầu thủ tham dự giải vô địch bóng đá U-17 thế giới 2013,,unmatched_section,warn,matched,unmatched,"heading 'New Zealand', 21 rows"
u17m2013,vi,Danh sách cầu thủ tham dự giải vô địch bóng đá U-17 thế giới 2013,,unmatched_section,warn,matched,unmatched,"heading 'Bờ Biển Ngà', 21 rows"
u17m2013,vi,Danh sách cầu thủ tham dự giải vô địch bóng đá U-17 thế giới 2013,,unmatched_section,warn,matched,unmatched,"heading 'Ý', 21 rows"
u17m2013,vi,Danh sách cầu thủ tham dự giải vô địch bóng đá U-17 thế giới 2013,,unmatched_section,warn,matched,unmatched,"heading 'Croatia', 21 rows"
u17m2013,vi,Danh sách cầu thủ tham dự giải vô địch bóng đá U-17 thế giới 2013,,unmatched_section,warn,matched,unmatched,"heading 'Maroc', 21 rows"
u17m2013,vi,Danh sách cầu thủ tham dự giải vô địch bóng đá U-17 thế giới 2013,,unmatched_section,warn,matched,unmatched,"heading 'Panamá', 21 rows"
u17m2013,vi,Danh sách cầu thủ tham dự giải vô địch bóng đá U-17 thế giới 2013,,unmatched_section,warn,matched,unmatched,"heading 'Tunisia', 21 rows"
u17m2013,vi,Danh sách cầu thủ tham dự giải vô địch bóng đá U-17 thế giới 2013,,unmatched_section,warn,matched,unmatched,"heading 'Venezuela', 21 rows"
u17m2013,vi,Danh sách cầu thủ tham dự giải vô địch bóng đá U-17 thế giới 2013,,unmatched_section,warn,matched,unmatched,"heading 'Canada', 21 rows"
u17m2013,vi,Danh sách cầu thủ tham dự giải vô địch bóng đá U-17 thế giới 2013,,unmatched_section,warn,matched,unmatched,"heading 'Áo', 21 rows"
u17m2013,vi,Danh sách cầu thủ tham dự giải vô địch bóng đá U-17 thế giới 2013,,unmatched_section,warn,matched,unmatched,"heading 'Argentina', 21 rows"
u17m2013,vi,Danh sách cầu thủ tham dự giải vô địch bóng đá U-17 thế giới 2013,,unmatched_section,warn,matched,unmatched,"heading 'México', 21 rows"
u17m2013,vi,Danh sách cầu thủ tham dự giải vô địch bóng đá U-17 thế giới 2013,,unmatched_section,warn,matched,unmatched,"heading 'Nigeria', 21 rows"
u17m2013,vi,Danh sách cầu thủ tham dự giải vô địch bóng đá U-17 thế giới 2013,,unmatched_section,warn,matched,unmatched,"heading 'Iraq', 21 rows"
u17m2013,vi,Danh sách cầu thủ tham dự giải vô địch bóng đá U-17 thế giới 2013,,unmatched_section,warn,matched,unmatched,"heading 'Thụy Điển', 21 rows"
u17m2013,vi,Danh sách cầu thủ tham dự giải vô địch bóng đá U-17 thế giới 2013,,unmatched_section,warn,matched,unmatched,"heading 'Liên kết ngoài', 3 rows"
u17m2015,es,Anexo:Equipos participantes en la Copa Mundial de Fútbol Sub-17 de 2015,Brazil,attach_note,warn,,,shirt-number concordance 5/6 - numbers not trusted
u17m2015,es,Anexo:Equipos participantes en la Copa Mundial de Fútbol Sub-17 de 2015,Croatia,attach_note,warn,,,shirt-number concordance 6/8 - numbers not trusted
u17m2015,es,Anexo:Equipos participantes en la Copa Mundial de Fútbol Sub-17 de 2015,,team_count,error,24,17,"matched: Argentina, Belgium, Brazil, Chile, Costa Rica, Croatia, Ecuador, England, France, Germany, Honduras, Mali, Mexico, New Zealand, Nigeria, Paraguay, United States"
u17m2015,es,Anexo:Equipos participantes en la Copa Mundial de Fútbol Sub-17 de 2015,,unmatched_section,warn,matched,unmatched,"heading '(lead)', 24 rows"
u17m2015,es,Anexo:Equipos participantes en la Copa Mundial de Fútbol Sub-17 de 2015,,unmatched_section,warn,matched,unmatched,"heading 'Guinea[5]\u200b', 21 rows"
u17m2015,es,Anexo:Equipos participantes en la Copa Mundial de Fútbol Sub-17 de 2015,,unmatched_section,warn,matched,unmatched,"heading 'Corea del Sur[8]\u200b', 21 rows"
u17m2015,es,Anexo:Equipos participantes en la Copa Mundial de Fútbol Sub-17 de 2015,,unmatched_section,warn,matched,unmatched,"heading 'Australia[10]\u200b', 21 rows"
u17m2015,es,Anexo:Equipos participantes en la Copa Mundial de Fútbol Sub-17 de 2015,,unmatched_section,warn,matched,unmatched,"heading 'Corea del Norte[17]\u200b', 21 rows"
u17m2015,es,Anexo:Equipos participantes en la Copa Mundial de Fútbol Sub-17 de 2015,,unmatched_section,warn,matched,unmatched,"heading 'Rusia[18]\u200b', 21 rows"
u17m2015,es,Anexo:Equipos participantes en la Copa Mundial de Fútbol Sub-17 de 2015,,unmatched_section,warn,matched,unmatched,"heading 'Sudáfrica[20]\u200b', 21 rows"
u17m2015,es,Anexo:Equipos participantes en la Copa Mundial de Fútbol Sub-17 de 2015,,unmatched_section,warn,matched,unmatched,"heading 'Siria[22]\u200b', 21 rows"
u17m2015,es,Anexo:Equipos participantes en la Copa Mundial de Fútbol Sub-17 de 2015,,unmatched_section,warn,matched,unmatched,"heading 'Enlaces externos', 2 rows"
u17m2015,ru,Чемпионат мира по футболу среди юношеских команд 2015 (составы),France,attach_note,warn,,,shirt-number concordance 16/17 - numbers not trusted
u17m2015,ru,Чемпионат мира по футболу среди юношеских команд 2015 (составы),Germany,attach_note,warn,,,shirt-number concordance 11/12 - numbers not trusted
u17m2015,ru,Чемпионат мира по футболу среди юношеских команд 2015 (составы),,team_count,error,24,17,"matched: Argentina, Australia, Belgium, Brazil, Chile, Costa Rica, Croatia, England, France, Germany, Mali, Mexico, New Zealand, Nigeria, Paraguay, Russia, United States"
u17m2015,ru,Чемпионат мира по футболу среди юношеских команд 2015 (составы),,unmatched_section,warn,matched,unmatched,"heading 'Гвинея[7]', 22 rows"
u17m2015,ru,Чемпионат мира по футболу среди юношеских команд 2015 (составы),,unmatched_section,warn,matched,unmatched,"heading 'Южная Корея[8]', 22 rows"
u17m2015,ru,Чемпионат мира по футболу среди юношеских команд 2015 (составы),,unmatched_section,warn,matched,unmatched,"heading 'Гондурас[14]', 22 rows"
u17m2015,ru,Чемпионат мира по футболу среди юношеских команд 2015 (составы),,unmatched_section,warn,matched,unmatched,"heading 'Эквадор[16]', 22 rows"
u17m2015,ru,Чемпионат мира по футболу среди юношеских команд 2015 (составы),,unmatched_section,warn,matched,unmatched,"heading 'КНДР[19]', 22 rows"
u17m2015,ru,Чемпионат мира по футболу среди юношеских команд 2015 (составы),,unmatched_section,warn,matched,unmatched,"heading 'ЮАР[20]', 22 rows"
u17m2015,ru,Чемпионат мира по футболу среди юношеских команд 2015 (составы),,unmatched_section,warn,matched,unmatched,"heading 'Сирия[23]', 22 rows"
u17m2015,ru,Чемпионат мира по футболу среди юношеских команд 2015 (составы),,unmatched_section,warn,matched,unmatched,"heading 'Примечания', 3 rows"
u17m2017,vi,Danh sách cầu thủ tham dự giải vô địch bóng đá U-17 thế giới 2017,,team_count,error,24,4,"matched: England, France, India, Japan"
u17m2017,vi,Danh sách cầu thủ tham dự giải vô địch bóng đá U-17 thế giới 2017,,unmatched_section,warn,matched,unmatched,"heading 'Hoa Kỳ', 21 rows"
u17m2017,vi,Danh sách cầu thủ tham dự giải vô địch bóng đá U-17 thế giới 2017,,unmatched_section,warn,matched,unmatched,"heading 'Colombia', 21 rows"
u17m2017,vi,Danh sách cầu thủ tham dự giải vô địch bóng đá U-17 thế giới 2017,,unmatched_section,warn,matched,unmatched,"heading 'Ghana', 21 rows"
u17m2017,vi,Danh sách cầu thủ tham dự giải vô địch bóng đá U-17 thế giới 2017,,unmatched_section,warn,matched,unmatched,"heading 'Paraguay', 21 rows"
u17m2017,vi,Danh sách cầu thủ tham dự giải vô địch bóng đá U-17 thế giới 2017,,unmatched_section,warn,matched,unmatched,"heading 'Mali', 21 rows"
u17m2017,vi,Danh sách cầu thủ tham dự giải vô địch bóng đá U-17 thế giới 2017,,unmatched_section,warn,matched,unmatched,"heading 'New Zealand', 21 rows"
u17m2017,vi,Danh sách cầu thủ tham dự giải vô địch bóng đá U-17 thế giới 2017,,unmatched_section,warn,matched,unmatched,"heading 'Thổ Nhĩ Kỳ', 21 rows"
u17m2017,vi,Danh sách cầu thủ tham dự giải vô địch bóng đá U-17 thế giới 2017,,unmatched_section,warn,matched,unmatched,"heading 'Iran', 21 rows"
u17m2017,vi,Danh sách cầu thủ tham dự giải vô địch bóng đá U-17 thế giới 2017,,unmatched_section,warn,matched,unmatched,"heading 'Guinée', 21 rows"
u17m2017,vi,Danh sách cầu thủ tham dự giải vô địch bóng đá U-17 thế giới 2017,,unmatched_section,warn,matched,unmatched,"heading 'Đức', 21 rows"
u17m2017,vi,Danh sách cầu thủ tham dự giải vô địch bóng đá U-17 thế giới 2017,,unmatched_section,warn,matched,unmatched,"heading 'Costa Rica', 21 rows"
u17m2017,vi,Danh sách cầu thủ tham dự giải vô địch bóng đá U-17 thế giới 2017,,unmatched_section,warn,matched,unmatched,"heading 'Bắc Triều Tiên', 21 rows"
u17m2017,vi,Danh sách cầu thủ tham dự giải vô địch bóng đá U-17 thế giới 2017,,unmatched_section,warn,matched,unmatched,"heading 'Niger', 21 rows"
u17m2017,vi,Danh sách cầu thủ tham dự giải vô địch bóng đá U-17 thế giới 2017,,unmatched_section,warn,matched,unmatched,"heading 'Brasil', 21 rows"
u17m2017,vi,Danh sách cầu thủ tham dự giải vô địch bóng đá U-17 thế giới 2017,,unmatched_section,warn,matched,unmatched,"heading 'Tây Ban Nha', 21 rows"
u17m2017,vi,Danh sách cầu thủ tham dự giải vô địch bóng đá U-17 thế giới 2017,,unmatched_section,warn,matched,unmatched,"heading 'Honduras', 21 rows"
u17m2017,vi,Danh sách cầu thủ tham dự giải vô địch bóng đá U-17 thế giới 2017,,unmatched_section,warn,matched,unmatched,"heading 'New Caledonia', 21 rows"
u17m2017,vi,Danh sách cầu thủ tham dự giải vô địch bóng đá U-17 thế giới 2017,,unmatched_section,warn,matched,unmatched,"heading 'Iraq', 21 rows"
u17m2017,vi,Danh sách cầu thủ tham dự giải vô địch bóng đá U-17 thế giới 2017,,unmatched_section,warn,matched,unmatched,"heading 'México', 21 rows"
u17m2017,vi,Danh sách cầu thủ tham dự giải vô địch bóng đá U-17 thế giới 2017,,unmatched_section,warn,matched,unmatched,"heading 'Chile', 21 rows"
u17m2017,vi,Danh sách cầu thủ tham dự giải vô địch bóng đá U-17 thế giới 2017,,unmatched_section,warn,matched,unmatched,"heading 'Tham khảo', 3 rows"
u17w2008,de,U-17-Fußball-Weltmeisterschaft der Frauen 2008/Kader,,team_count,error,16,5,"matched: Brazil, France, Germany, Japan, United States"
u17w2008,de,U-17-Fußball-Weltmeisterschaft der Frauen 2008/Kader,,unmatched_section,warn,matched,unmatched,"heading 'Kanada', 4 rows"
u17w2008,de,U-17-Fußball-Weltmeisterschaft der Frauen 2008/Kader,,unmatched_section,warn,matched,unmatched,"heading 'Kolumbien', 5 rows"
u17w2008,de,U-17-Fußball-Weltmeisterschaft der Frauen 2008/Kader,,unmatched_section,warn,matched,unmatched,"heading 'Costa Rica', 1 rows"
u17w2008,de,U-17-Fußball-Weltmeisterschaft der Frauen 2008/Kader,,unmatched_section,warn,matched,unmatched,"heading 'Ghana', 5 rows"
u17w2008,de,U-17-Fußball-Weltmeisterschaft der Frauen 2008/Kader,,unmatched_section,warn,matched,unmatched,"heading 'Nordkorea', 2 rows"
u17w2008,de,U-17-Fußball-Weltmeisterschaft der Frauen 2008/Kader,,unmatched_section,warn,matched,unmatched,"heading 'England', 16 rows"
u17w2008,de,U-17-Fußball-Weltmeisterschaft der Frauen 2008/Kader,,unmatched_section,warn,matched,unmatched,"heading 'Nigeria', 4 rows"
u17w2008,de,U-17-Fußball-Weltmeisterschaft der Frauen 2008/Kader,Brazil,squad_size_band,error,18-23,13,local squad size outside the plausible band
u17w2008,de,U-17-Fußball-Weltmeisterschaft der Frauen 2008/Kader,France,squad_size_band,error,18-23,8,local squad size outside the plausible band
u17w2008,de,U-17-Fußball-Weltmeisterschaft der Frauen 2008/Kader,Japan,squad_size_band,error,18-23,7,local squad size outside the plausible band
u17w2008,de,U-17-Fußball-Weltmeisterschaft der Frauen 2008/Kader,United States,squad_size_band,error,18-23,7,local squad size outside the plausible band
u17w2008,de,U-17-Fußball-Weltmeisterschaft der Frauen 2008/Kader,Brazil,squad_size_vs_edition,error,7,13,6 off this page's modal squad size (2 of 5 squads are 7)
u17w2008,de,U-17-Fußball-Weltmeisterschaft der Frauen 2008/Kader,France,squad_size_vs_edition,warn,7,8,1 off this page's modal squad size (2 of 5 squads are 7)
u17w2008,de,U-17-Fußball-Weltmeisterschaft der Frauen 2008/Kader,Germany,squad_size_vs_edition,error,7,22,15 off this page's modal squad size (2 of 5 squads are 7)
u17w2010,ko,2010년 FIFA U-17 여자 월드컵 선수 명단,,team_count,error,16,0,matched: 
u17w2010,ko,2010년 FIFA U-17 여자 월드컵 선수 명단,,unmatched_section,warn,matched,unmatched,"heading '대한민국', 1 rows"
u17w2010,ko,2010년 FIFA U-17 여자 월드컵 선수 명단,,unmatched_section,warn,matched,unmatched,"heading '일본', 1 rows"
u17w2010,ko,2010년 FIFA U-17 여자 월드컵 선수 명단,,unmatched_section,warn,matched,unmatched,"heading '가나', 2 rows"
u17w2010,ja,2010 FIFA U-17女子ワールドカップ参加チーム,,team_count,error,16,1,matched: Japan
u17w2010,ja,2010 FIFA U-17女子ワールドカップ参加チーム,,unmatched_section,warn,matched,unmatched,"heading 'トリニダード・トバゴ', 21 rows"
u17w2010,ja,2010 FIFA U-17女子ワールドカップ参加チーム,,unmatched_section,warn,matched,unmatched,"heading '朝鮮民主主義人民共和国', 21 rows"
u17w2010,ja,2010 FIFA U-17女子ワールドカップ参加チーム,,unmatched_section,warn,matched,unmatched,"heading 'チリ', 21 rows"
u17w2010,ja,2010 FIFA U-17女子ワールドカップ参加チーム,,unmatched_section,warn,matched,unmatched,"heading 'ナイジェリア', 21 rows"
u17w2010,ja,2010 FIFA U-17女子ワールドカップ参加チーム,,unmatched_section,warn,matched,unmatched,"heading '大韓民国', 21 rows"
u17w2010,ja,2010 FIFA U-17女子ワールドカップ参加チーム,,unmatched_section,warn,matched,unmatched,"heading 'ドイツ', 21 rows"
u17w2010,ja,2010 FIFA U-17女子ワールドカップ参加チーム,,unmatched_section,warn,matched,unmatched,"heading '南アフリカ共和国', 21 rows"
u17w2010,ja,2010 FIFA U-17女子ワールドカップ参加チーム,,unmatched_section,warn,matched,unmatched,"heading 'メキシコ', 21 rows"
u17w2010,ja,2010 FIFA U-17女子ワールドカップ参加チーム,,unmatched_section,warn,matched,unmatched,"heading 'スペイン', 21 rows"
u17w2010,ja,2010 FIFA U-17女子ワールドカップ参加チーム,,unmatched_section,warn,matched,unmatched,"heading 'ニュージーランド', 21 rows"
u17w2010,ja,2010 FIFA U-17女子ワールドカップ参加チーム,,unmatched_section,warn,matched,unmatched,"heading 'ベネズエラ', 21 rows"
u17w2010,ja,2010 FIFA U-17女子ワールドカップ参加チーム,,unmatched_section,warn,matched,unmatched,"heading 'アイルランド共和国', 21 rows"
u17w2010,ja,2010 FIFA U-17女子ワールドカップ参加チーム,,unmatched_section,warn,matched,unmatched,"heading 'ガーナ', 21 rows"
u17w2010,ja,2010 FIFA U-17女子ワールドカップ参加チーム,,unmatched_section,warn,matched,unmatched,"heading 'カナダ', 21 rows"
u17w2010,ja,2010 FIFA U-17女子ワールドカップ参加チーム,,unmatched_section,warn,matched,unmatched,"heading 'ブラジル', 21 rows"
u17w2010,ja,2010 FIFA U-17女子ワールドカップ参加チーム,,unmatched_section,warn,matched,unmatched,"heading '文献', 2 rows"
u17w2012,vi,Danh sách cầu thủ tham dự Giải vô địch bóng đá nữ U-17 thế giới 2012,,team_count,error,16,0,matched: 
u17w2012,vi,Danh sách cầu thủ tham dự Giải vô địch bóng đá nữ U-17 thế giới 2012,,unmatched_section,warn,matched,unmatched,"heading 'Azerbaijan', 21 rows"
u17w2012,vi,Danh sách cầu thủ tham dự Giải vô địch bóng đá nữ U-17 thế giới 2012,,unmatched_section,warn,matched,unmatched,"heading 'Canada', 21 rows"
u17w2012,vi,Danh sách cầu thủ tham dự Giải vô địch bóng đá nữ U-17 thế giới 2012,,unmatched_section,warn,matched,unmatched,"heading 'Colombia', 21 rows"
u17w2012,vi,Danh sách cầu thủ tham dự Giải vô địch bóng đá nữ U-17 thế giới 2012,,unmatched_section,warn,matched,unmatched,"heading 'Nigeria', 21 rows"
u17w2012,vi,Danh sách cầu thủ tham dự Giải vô địch bóng đá nữ U-17 thế giới 2012,,unmatched_section,warn,matched,unmatched,"heading 'Pháp', 21 rows"
u17w2012,vi,Danh sách cầu thủ tham dự Giải vô địch bóng đá nữ U-17 thế giới 2012,,unmatched_section,warn,matched,unmatched,"heading 'Gambia', 21 rows"
u17w2012,vi,Danh sách cầu thủ tham dự Giải vô địch bóng đá nữ U-17 thế giới 2012,,unmatched_section,warn,matched,unmatched,"heading 'CHDCND Triều Tiên', 21 rows"
u17w2012,vi,Danh sách cầu thủ tham dự Giải vô địch bóng đá nữ U-17 thế giới 2012,,unmatched_section,warn,matched,unmatched,"heading 'Hoa Kỳ', 21 rows"
u17w2012,vi,Danh sách cầu thủ tham dự Giải vô địch bóng đá nữ U-17 thế giới 2012,,unmatched_section,warn,matched,unmatched,"heading 'Brasil', 21 rows"
u17w2012,vi,Danh sách cầu thủ tham dự Giải vô địch bóng đá nữ U-17 thế giới 2012,,unmatched_section,warn,matched,unmatched,"heading 'México', 21 rows"
u17w2012,vi,Danh sách cầu thủ tham dự Giải vô địch bóng đá nữ U-17 thế giới 2012,,unmatched_section,warn,matched,unmatched,"heading 'New Zealand', 21 rows"
u17w2012,vi,Danh sách cầu thủ tham dự Giải vô địch bóng đá nữ U-17 thế giới 2012,,unmatched_section,warn,matched,unmatched,"heading 'Nhật Bản', 21 rows"
u17w2012,vi,Danh sách cầu thủ tham dự Giải vô địch bóng đá nữ U-17 thế giới 2012,,unmatched_section,warn,matched,unmatched,"heading 'Đức', 21 rows"
u17w2012,vi,Danh sách cầu thủ tham dự Giải vô địch bóng đá nữ U-17 thế giới 2012,,unmatched_section,warn,matched,unmatched,"heading 'Ghana', 21 rows"
u17w2012,vi,Danh sách cầu thủ tham dự Giải vô địch bóng đá nữ U-17 thế giới 2012,,unmatched_section,warn,matched,unmatched,"heading 'Trung Quốc', 21 rows"
u17w2012,vi,Danh sách cầu thủ tham dự Giải vô địch bóng đá nữ U-17 thế giới 2012,,unmatched_section,warn,matched,unmatched,"heading 'Uruguay', 21 rows"
u17w2012,vi,Danh sách cầu thủ tham dự Giải vô địch bóng đá nữ U-17 thế giới 2012,,unmatched_section,warn,matched,unmatched,"heading 'Tham khảo', 3 rows"
u17w2014,vi,Danh sách cầu thủ tham dự Giải vô địch bóng đá nữ U-17 thế giới 2014,,team_count,error,16,0,matched: 
u17w2014,vi,Danh sách cầu thủ tham dự Giải vô địch bóng đá nữ U-17 thế giới 2014,,unmatched_section,warn,matched,unmatched,"heading 'Costa Rica', 21 rows"
u17w2014,vi,Danh sách cầu thủ tham dự Giải vô địch bóng đá nữ U-17 thế giới 2014,,unmatched_section,warn,matched,unmatched,"heading 'Venezuela', 21 rows"
u17w2014,vi,Danh sách cầu thủ tham dự Giải vô địch bóng đá nữ U-17 thế giới 2014,,unmatched_section,warn,matched,unmatched,"heading 'Ý', 21 rows"
u17w2014,vi,Danh sách cầu thủ tham dự Giải vô địch bóng đá nữ U-17 thế giới 2014,,unmatched_section,warn,matched,unmatched,"heading 'Zambia', 21 rows"
u17w2014,vi,Danh sách cầu thủ tham dự Giải vô địch bóng đá nữ U-17 thế giới 2014,,unmatched_section,warn,matched,unmatched,"heading 'Ghana', 21 rows"
u17w2014,vi,Danh sách cầu thủ tham dự Giải vô địch bóng đá nữ U-17 thế giới 2014,,unmatched_section,warn,matched,unmatched,"heading 'Đức', 21 rows"
u17w2014,vi,Danh sách cầu thủ tham dự Giải vô địch bóng đá nữ U-17 thế giới 2014,,unmatched_section,warn,matched,unmatched,"heading 'CHDCND Triều Tiên', 21 rows"
u17w2014,vi,Danh sách cầu thủ tham dự Giải vô địch bóng đá nữ U-17 thế giới 2014,,unmatched_section,warn,matched,unmatched,"heading 'Canada', 21 rows"
u17w2014,vi,Danh sách cầu thủ tham dự Giải vô địch bóng đá nữ U-17 thế giới 2014,,unmatched_section,warn,matched,unmatched,"heading 'Tây Ban Nha', 21 rows"
u17w2014,vi,Danh sách cầu thủ tham dự Giải vô địch bóng đá nữ U-17 thế giới 2014,,unmatched_section,warn,matched,unmatched,"heading 'New Zealand', 21 rows"
u17w2014,vi,Danh sách cầu thủ tham dự Giải vô địch bóng đá nữ U-17 thế giới 2014,,unmatched_section,warn,matched,unmatched,"heading 'Paraguay', 21 rows"
u17w2014,vi,Danh sách cầu thủ tham dự Giải vô địch bóng đá nữ U-17 thế giới 2014,,unmatched_section,warn,matched,unmatched,"heading 'Nhật Bản', 21 rows"
u17w2014,vi,Danh sách cầu thủ tham dự Giải vô địch bóng đá nữ U-17 thế giới 2014,,unmatched_section,warn,matched,unmatched,"heading 'México', 21 rows"
u17w2014,vi,Danh sách cầu thủ tham dự Giải vô địch bóng đá nữ U-17 thế giới 2014,,unmatched_section,warn,matched,unmatched,"heading 'Trung Quốc', 21 rows"
u17w2014,vi,Danh sách cầu thủ tham dự Giải vô địch bóng đá nữ U-17 thế giới 2014,,unmatched_section,warn,matched,unmatched,"heading 'Colombia', 21 rows"
u17w2014,vi,Danh sách cầu thủ tham dự Giải vô địch bóng đá nữ U-17 thế giới 2014,,unmatched_section,warn,matched,unmatched,"heading 'Nigeria', 21 rows"
u17w2014,vi,Danh sách cầu thủ tham dự Giải vô địch bóng đá nữ U-17 thế giới 2014,,unmatched_section,warn,matched,unmatched,"heading 'Tham khảo', 3 rows"
u17w2016,vi,Danh sách cầu thủ tham dự Giải vô địch bóng đá nữ U-17 thế giới 2016,,team_count,error,16,0,matched: 
u17w2016,vi,Danh sách cầu thủ tham dự Giải vô địch bóng đá nữ U-17 thế giới 2016,,unmatched_section,warn,matched,unmatched,"heading 'Jordan', 21 rows"
u17w2016,vi,Danh sách cầu thủ tham dự Giải vô địch bóng đá nữ U-17 thế giới 2016,,unmatched_section,warn,matched,unmatched,"heading 'Tây Ban Nha', 21 rows"
u17w2016,vi,Danh sách cầu thủ tham dự Giải vô địch bóng đá nữ U-17 thế giới 2016,,unmatched_section,warn,matched,unmatched,"heading 'México', 21 rows"
u17w2016,vi,Danh sách cầu thủ tham dự Giải vô địch bóng đá nữ U-17 thế giới 2016,,unmatched_section,warn,matched,unmatched,"heading 'New Zealand', 21 rows"
u17w2016,vi,Danh sách cầu thủ tham dự Giải vô địch bóng đá nữ U-17 thế giới 2016,,unmatched_section,warn,matched,unmatched,"heading 'Đức', 21 rows"
u17w2016,vi,Danh sách cầu thủ tham dự Giải vô địch bóng đá nữ U-17 thế giới 2016,,unmatched_section,warn,matched,unmatched,"heading 'Cameroon', 21 rows"
u17w2016,vi,Danh sách cầu thủ tham dự Giải vô địch bóng đá nữ U-17 thế giới 2016,,unmatched_section,warn,matched,unmatched,"heading 'Canada', 21 rows"
u17w2016,vi,Danh sách cầu thủ tham dự Giải vô địch bóng đá nữ U-17 thế giới 2016,,unmatched_section,warn,matched,unmatched,"heading 'Venezuela', 21 rows"
u17w2016,vi,Danh sách cầu thủ tham dự Giải vô địch bóng đá nữ U-17 thế giới 2016,,unmatched_section,warn,matched,unmatched,"heading 'Anh', 21 rows"
u17w2016,vi,Danh sách cầu thủ tham dự Giải vô địch bóng đá nữ U-17 thế giới 2016,,unmatched_section,warn,matched,unmatched,"heading 'Brasil', 21 rows"
u17w2016,vi,Danh sách cầu thủ tham dự Giải vô địch bóng đá nữ U-17 thế giới 2016,,unmatched_section,warn,matched,unmatched,"heading 'Nigeria', 21 rows"
u17w2016,vi,Danh sách cầu thủ tham dự Giải vô địch bóng đá nữ U-17 thế giới 2016,,unmatched_section,warn,matched,unmatched,"heading 'CHDCND Triều Tiên', 21 rows"
u17w2016,vi,Danh sách cầu thủ tham dự Giải vô địch bóng đá nữ U-17 thế giới 2016,,unmatched_section,warn,matched,unmatched,"heading 'Hoa Kỳ', 21 rows"
u17w2016,vi,Danh sách cầu thủ tham dự Giải vô địch bóng đá nữ U-17 thế giới 2016,,unmatched_section,warn,matched,unmatched,"heading 'Paraguay', 21 rows"
u17w2016,vi,Danh sách cầu thủ tham dự Giải vô địch bóng đá nữ U-17 thế giới 2016,,unmatched_section,warn,matched,unmatched,"heading 'Ghana', 21 rows"
u17w2016,vi,Danh sách cầu thủ tham dự Giải vô địch bóng đá nữ U-17 thế giới 2016,,unmatched_section,warn,matched,unmatched,"heading 'Nhật Bản', 21 rows"
u17w2016,vi,Danh sách cầu thủ tham dự Giải vô địch bóng đá nữ U-17 thế giới 2016,,unmatched_section,warn,matched,unmatched,"heading 'Tham khảo', 3 rows"
u17w2018,es,Equipos participantes en la Copa Mundial Femenina de Fútbol Sub-17 de 2018,,team_count,error,16,3,"matched: Colombia, Mexico, Spain"
u17w2018,es,Equipos participantes en la Copa Mundial Femenina de Fútbol Sub-17 de 2018,,unmatched_section,warn,matched,unmatched,"heading 'Uruguay', 21 rows"
u17w2018,es,Equipos participantes en la Copa Mundial Femenina de Fútbol Sub-17 de 2018,,unmatched_section,warn,matched,unmatched,"heading 'Ghana', 21 rows"
u17w2018,es,Equipos participantes en la Copa Mundial Femenina de Fútbol Sub-17 de 2018,,unmatched_section,warn,matched,unmatched,"heading 'Nueva Zelanda', 21 rows"
u17w2018,es,Equipos participantes en la Copa Mundial Femenina de Fútbol Sub-17 de 2018,,unmatched_section,warn,matched,unmatched,"heading 'Finlandia', 21 rows"
u17w2018,es,Equipos participantes en la Copa Mundial Femenina de Fútbol Sub-17 de 2018,,unmatched_section,warn,matched,unmatched,"heading 'Sudáfrica', 21 rows"
u17w2018,es,Equipos participantes en la Copa Mundial Femenina de Fútbol Sub-17 de 2018,,unmatched_section,warn,matched,unmatched,"heading 'Brasil', 21 rows"
u17w2018,es,Equipos participantes en la Copa Mundial Femenina de Fútbol Sub-17 de 2018,,unmatched_section,warn,matched,unmatched,"heading 'Japón', 21 rows"
u17w2018,es,Equipos participantes en la Copa Mundial Femenina de Fútbol Sub-17 de 2018,,unmatched_section,warn,matched,unmatched,"heading 'Estados Unidos', 21 rows"
u17w2018,es,Equipos participantes en la Copa Mundial Femenina de Fútbol Sub-17 de 2018,,unmatched_section,warn,matched,unmatched,"heading 'Camerún', 21 rows"
u17w2018,es,Equipos participantes en la Copa Mundial Femenina de Fútbol Sub-17 de 2018,,unmatched_section,warn,matched,unmatched,"heading 'Corea del Norte', 21 rows"
u17w2018,es,Equipos participantes en la Copa Mundial Femenina de Fútbol Sub-17 de 2018,,unmatched_section,warn,matched,unmatched,"heading 'Alemania', 21 rows"
u17w2018,es,Equipos participantes en la Copa Mundial Femenina de Fútbol Sub-17 de 2018,,unmatched_section,warn,matched,unmatched,"heading 'Corea del Sur', 21 rows"
u17w2018,es,Equipos participantes en la Copa Mundial Femenina de Fútbol Sub-17 de 2018,,unmatched_section,warn,matched,unmatched,"heading 'Canadá', 21 rows"
u17w2018,es,Equipos participantes en la Copa Mundial Femenina de Fútbol Sub-17 de 2018,,unmatched_section,warn,matched,unmatched,"heading 'Referencias', 1 rows"
u20m1999,vi,Danh sách cầu thủ tham dự Giải vô địch bóng đá trẻ thế giới 1999,,team_count,error,24,3,"matched: Brazil, Japan, Spain"
u20m1999,vi,Danh sách cầu thủ tham dự Giải vô địch bóng đá trẻ thế giới 1999,,unmatched_section,warn,matched,unmatched,"heading 'Costa Rica', 18 rows"
u20m1999,vi,Danh sách cầu thủ tham dự Giải vô địch bóng đá trẻ thế giới 1999,,unmatched_section,warn,matched,unmatched,"heading 'Đức', 18 rows"
u20m1999,vi,Danh sách cầu thủ tham dự Giải vô địch bóng đá trẻ thế giới 1999,,unmatched_section,warn,matched,unmatched,"heading 'Nigeria', 18 rows"
u20m1999,vi,Danh sách cầu thủ tham dự Giải vô địch bóng đá trẻ thế giới 1999,,unmatched_section,warn,matched,unmatched,"heading 'Paraguay', 18 rows"
u20m1999,vi,Danh sách cầu thủ tham dự Giải vô địch bóng đá trẻ thế giới 1999,,unmatched_section,warn,matched,unmatched,"heading 'Argentina', 18 rows"
u20m1999,vi,Danh sách cầu thủ tham dự Giải vô địch bóng đá trẻ thế giới 1999,,unmatched_section,warn,matched,unmatched,"heading 'Croatia', 18 rows"
u20m1999,vi,Danh sách cầu thủ tham dự Giải vô địch bóng đá trẻ thế giới 1999,,unmatched_section,warn,matched,unmatched,"heading 'Ghana', 18 rows"
u20m1999,vi,Danh sách cầu thủ tham dự Giải vô địch bóng đá trẻ thế giới 1999,,unmatched_section,warn,matched,unmatched,"heading 'Kazakhstan', 18 rows"
u20m1999,vi,Danh sách cầu thủ tham dự Giải vô địch bóng đá trẻ thế giới 1999,,unmatched_section,warn,matched,unmatched,"heading 'Úc', 18 rows"
u20m1999,vi,Danh sách cầu thủ tham dự Giải vô địch bóng đá trẻ thế giới 1999,,unmatched_section,warn,matched,unmatched,"heading 'México', 18 rows"
u20m1999,vi,Danh sách cầu thủ tham dự Giải vô địch bóng đá trẻ thế giới 1999,,unmatched_section,warn,matched,unmatched,"heading 'Cộng hòa Ireland', 18 rows"
u20m1999,vi,Danh sách cầu thủ tham dự Giải vô địch bóng đá trẻ thế giới 1999,,unmatched_section,warn,matched,unmatched,"heading 'Ả Rập Xê Út', 18 rows"
u20m1999,vi,Danh sách cầu thủ tham dự Giải vô địch bóng đá trẻ thế giới 1999,,unmatched_section,warn,matched,unmatched,"heading 'Hàn Quốc', 18 rows"
u20m1999,vi,Danh sách cầu thủ tham dự Giải vô địch bóng đá trẻ thế giới 1999,,unmatched_section,warn,matched,unmatched,"heading 'Mali', 18 rows"
u20m1999,vi,Danh sách cầu thủ tham dự Giải vô địch bóng đá trẻ thế giới 1999,,unmatched_section,warn,matched,unmatched,"heading 'Bồ Đào Nha', 18 rows"
u20m1999,vi,Danh sách cầu thủ tham dự Giải vô địch bóng đá trẻ thế giới 1999,,unmatched_section,warn,matched,unmatched,"heading 'Uruguay', 18 rows"
u20m1999,vi,Danh sách cầu thủ tham dự Giải vô địch bóng đá trẻ thế giới 1999,,unmatched_section,warn,matched,unmatched,"heading 'Cameroon', 18 rows"
u20m1999,vi,Danh sách cầu thủ tham dự Giải vô địch bóng đá trẻ thế giới 1999,,unmatched_section,warn,matched,unmatched,"heading 'Anh', 18 rows"
u20m1999,vi,Danh sách cầu thủ tham dự Giải vô địch bóng đá trẻ thế giới 1999,,unmatched_section,warn,matched,unmatched,"heading 'Hoa Kỳ', 18 rows"
u20m1999,vi,Danh sách cầu thủ tham dự Giải vô địch bóng đá trẻ thế giới 1999,,unmatched_section,warn,matched,unmatched,"heading 'Honduras', 18 rows"
u20m1999,vi,Danh sách cầu thủ tham dự Giải vô địch bóng đá trẻ thế giới 1999,,unmatched_section,warn,matched,unmatched,"heading 'Zambia', 18 rows"
u20m1999,vi,Danh sách cầu thủ tham dự Giải vô địch bóng đá trẻ thế giới 1999,,unmatched_section,warn,matched,unmatched,"heading 'Liên kết ngoài', 4 rows"
u20m2001,de,Junioren-Fußballweltmeisterschaft 2001/Kader,,team_count,error,24,2,"matched: Finland, Germany"
u20m2003,vi,Danh sách cầu thủ tham dự Giải vô địch bóng đá trẻ thế giới 2003,,team_count,error,24,2,"matched: Japan, South Korea"
u20m2003,vi,Danh sách cầu thủ tham dự Giải vô địch bóng đá trẻ thế giới 2003,,unmatched_section,warn,matched,unmatched,"heading 'Burkina Faso', 20 rows"
u20m2003,vi,Danh sách cầu thủ tham dự Giải vô địch bóng đá trẻ thế giới 2003,,unmatched_section,warn,matched,unmatched,"heading 'Panamá', 20 rows"
u20m2003,vi,Danh sách cầu thủ tham dự Giải vô địch bóng đá trẻ thế giới 2003,,unmatched_section,warn,matched,unmatched,"heading 'Slovakia', 20 rows"
u20m2003,vi,Danh sách cầu thủ tham dự Giải vô địch bóng đá trẻ thế giới 2003,,unmatched_section,warn,matched,unmatched,"heading 'UAE', 20 rows"
u20m2003,vi,Danh sách cầu thủ tham dự Giải vô địch bóng đá trẻ thế giới 2003,,unmatched_section,warn,matched,unmatched,"heading 'Argentina', 20 rows"
u20m2003,vi,Danh sách cầu thủ tham dự Giải vô địch bóng đá trẻ thế giới 2003,,unmatched_section,warn,matched,unmatched,"heading 'Mali', 20 rows"
u20m2003,vi,Danh sách cầu thủ tham dự Giải vô địch bóng đá trẻ thế giới 2003,,unmatched_section,warn,matched,unmatched,"heading 'Tây Ban Nha', 20 rows"
u20m2003,vi,Danh sách cầu thủ tham dự Giải vô địch bóng đá trẻ thế giới 2003,,unmatched_section,warn,matched,unmatched,"heading 'Uzbekistan', 20 rows"
u20m2003,vi,Danh sách cầu thủ tham dự Giải vô địch bóng đá trẻ thế giới 2003,,unmatched_section,warn,matched,unmatched,"heading 'Úc', 20 rows"
u20m2003,vi,Danh sách cầu thủ tham dự Giải vô địch bóng đá trẻ thế giới 2003,,unmatched_section,warn,matched,unmatched,"heading 'Brasil', 20 rows"
u20m2003,vi,Danh sách cầu thủ tham dự Giải vô địch bóng đá trẻ thế giới 2003,,unmatched_section,warn,matched,unmatched,"heading 'Canada', 20 rows"
u20m2003,vi,Danh sách cầu thủ tham dự Giải vô địch bóng đá trẻ thế giới 2003,,unmatched_section,warn,matched,unmatched,"heading 'Séc', 20 rows"
u20m2003,vi,Danh sách cầu thủ tham dự Giải vô địch bóng đá trẻ thế giới 2003,,unmatched_section,warn,matched,unmatched,"heading 'Colombia', 20 rows"
u20m2003,vi,Danh sách cầu thủ tham dự Giải vô địch bóng đá trẻ thế giới 2003,,unmatched_section,warn,matched,unmatched,"heading 'Ai Cập', 20 rows"
u20m2003,vi,Danh sách cầu thủ tham dự Giải vô địch bóng đá trẻ thế giới 2003,,unmatched_section,warn,matched,unmatched,"heading 'Anh', 20 rows"
u20m2003,vi,Danh sách cầu thủ tham dự Giải vô địch bóng đá trẻ thế giới 2003,,unmatched_section,warn,matched,unmatched,"heading 'Bờ Biển Ngà', 20 rows"
u20m2003,vi,Danh sách cầu thủ tham dự Giải vô địch bóng đá trẻ thế giới 2003,,unmatched_section,warn,matched,unmatched,"heading 'México', 20 rows"
u20m2003,vi,Danh sách cầu thủ tham dự Giải vô địch bóng đá trẻ thế giới 2003,,unmatched_section,warn,matched,unmatched,"heading 'Cộng hòa Ireland', 20 rows"
u20m2003,vi,Danh sách cầu thủ tham dự Giải vô địch bóng đá trẻ thế giới 2003,,unmatched_section,warn,matched,unmatched,"heading 'Ả Rập Xê Út', 20 rows"
u20m2003,vi,Danh sách cầu thủ tham dự Giải vô địch bóng đá trẻ thế giới 2003,,unmatched_section,warn,matched,unmatched,"heading 'Đức', 20 rows"
u20m2003,vi,Danh sách cầu thủ tham dự Giải vô địch bóng đá trẻ thế giới 2003,,unmatched_section,warn,matched,unmatched,"heading 'Paraguay', 20 rows"
u20m2003,vi,Danh sách cầu thủ tham dự Giải vô địch bóng đá trẻ thế giới 2003,,unmatched_section,warn,matched,unmatched,"heading 'Hoa Kỳ', 20 rows"
u20m2003,vi,Danh sách cầu thủ tham dự Giải vô địch bóng đá trẻ thế giới 2003,,unmatched_section,warn,matched,unmatched,"heading 'Liên kết ngoài', 4 rows"
u20m2005,fr,Équipes de la Coupe du monde de football des moins de 20 ans 2005,,team_count,error,24,22,"matched: Argentina, Australia, Benin, Brazil, Canada, Chile, China PR, Colombia, Egypt, Germany, Honduras, Italy, Japan, Morocco, Netherlands, Nigeria, South Korea, Spain, Switzerland, Turkey, Ukraine, United States"
u20m2005,fr,Équipes de la Coupe du monde de football des moins de 20 ans 2005,,unmatched_section,warn,matched,unmatched,"heading 'Panama', 18 rows"
u20m2005,fr,Équipes de la Coupe du monde de football des moins de 20 ans 2005,,unmatched_section,warn,matched,unmatched,"heading 'Syrie', 20 rows"
u20m2005,fr,Équipes de la Coupe du monde de football des moins de 20 ans 2005,Benin,squad_size_band,error,18-23,17,local squad size outside the plausible band
u20m2005,fr,Équipes de la Coupe du monde de football des moins de 20 ans 2005,Benin,squad_size_vs_edition,error,21,17,4 off this page's modal squad size (16 of 22 squads are 21)
u20m2005,fr,Équipes de la Coupe du monde de football des moins de 20 ans 2005,Canada,squad_size_vs_edition,warn,21,20,1 off this page's modal squad size (16 of 22 squads are 21)
u20m2005,fr,Équipes de la Coupe du monde de football des moins de 20 ans 2005,China PR,squad_size_vs_edition,error,21,18,3 off this page's modal squad size (16 of 22 squads are 21)
u20m2005,fr,Équipes de la Coupe du monde de football des moins de 20 ans 2005,Honduras,squad_size_vs_edition,warn,21,19,2 off this page's modal squad size (16 of 22 squads are 21)
u20m2005,fr,Équipes de la Coupe du monde de football des moins de 20 ans 2005,South Korea,squad_size_vs_edition,error,21,18,3 off this page's modal squad size (16 of 22 squads are 21)
u20m2005,fr,Équipes de la Coupe du monde de football des moins de 20 ans 2005,Ukraine,squad_size_vs_edition,warn,21,19,2 off this page's modal squad size (16 of 22 squads are 21)
u20m2005,tr,2005 FIFA Dünya Gençler Şampiyonası kadroları,,team_count,error,24,16,"matched: Argentina, Australia, Brazil, Chile, Colombia, Egypt, Germany, Italy, Japan, Netherlands, Nigeria, South Korea, Spain, Switzerland, Turkey, Ukraine"
u20m2005,tr,2005 FIFA Dünya Gençler Şampiyonası kadroları,,unmatched_section,warn,matched,unmatched,"heading 'Benin', 21 rows"
u20m2005,tr,2005 FIFA Dünya Gençler Şampiyonası kadroları,,unmatched_section,warn,matched,unmatched,"heading 'Çin', 21 rows"
u20m2005,tr,2005 FIFA Dünya Gençler Şampiyonası kadroları,,unmatched_section,warn,matched,unmatched,"heading 'Panama', 21 rows"
u20m2005,tr,2005 FIFA Dünya Gençler Şampiyonası kadroları,,unmatched_section,warn,matched,unmatched,"heading 'Honduras', 21 rows"
u20m2005,tr,2005 FIFA Dünya Gençler Şampiyonası kadroları,,unmatched_section,warn,matched,unmatched,"heading 'Fas', 21 rows"
u20m2005,tr,2005 FIFA Dünya Gençler Şampiyonası kadroları,,unmatched_section,warn,matched,unmatched,"heading 'ABD', 21 rows"
u20m2005,tr,2005 FIFA Dünya Gençler Şampiyonası kadroları,,unmatched_section,warn,matched,unmatched,"heading 'Kanada', 21 rows"
u20m2005,tr,2005 FIFA Dünya Gençler Şampiyonası kadroları,,unmatched_section,warn,matched,unmatched,"heading 'Suriye', 21 rows"
u20m2005,tr,2005 FIFA Dünya Gençler Şampiyonası kadroları,,unmatched_section,warn,matched,unmatched,"heading 'Kaynakça', 4 rows"
u20m2005,tr,2005 FIFA Dünya Gençler Şampiyonası kadroları,Netherlands,squad_size_vs_edition,warn,21,20,1 off this page's modal squad size (15 of 16 squads are 21)
u20m2007,de,U-20-Fußball-Weltmeisterschaft 2007/Kader,Mexico,attach_note,warn,,,shirt-number concordance 11/12 - numbers not trusted
u20m2007,de,U-20-Fußball-Weltmeisterschaft 2007/Kader,,team_count,error,24,22,"matched: Argentina, Austria, Brazil, Canada, Chile, Costa Rica, Czech Republic, Gambia, Japan, Mexico, New Zealand, Nigeria, North Korea, Panama, Poland, Portugal, Scotland, South Korea, Spain, United States, Uruguay, Zambia"
u20m2007,de,U-20-Fußball-Weltmeisterschaft 2007/Kader,,unmatched_section,warn,matched,unmatched,"heading 'Jordanien', 20 rows"
u20m2007,de,U-20-Fußball-Weltmeisterschaft 2007/Kader,,unmatched_section,warn,matched,unmatched,"heading 'Republik Kongo', 6 rows"
u20m2007,de,U-20-Fußball-Weltmeisterschaft 2007/Kader,Panama,squad_size_band,error,18-23,12,local squad size outside the plausible band
u20m2007,de,U-20-Fußball-Weltmeisterschaft 2007/Kader,Zambia,squad_size_band,error,18-23,16,local squad size outside the plausible band
u20m2007,de,U-20-Fußball-Weltmeisterschaft 2007/Kader,Argentina,squad_size_vs_edition,warn,22,21,1 off this page's modal squad size (8 of 22 squads are 22)
u20m2007,de,U-20-Fußball-Weltmeisterschaft 2007/Kader,Brazil,squad_size_vs_edition,warn,22,21,1 off this page's modal squad size (8 of 22 squads are 22)
u20m2007,de,U-20-Fußball-Weltmeisterschaft 2007/Kader,Canada,squad_size_vs_edition,warn,22,21,1 off this page's modal squad size (8 of 22 squads are 22)
u20m2007,de,U-20-Fußball-Weltmeisterschaft 2007/Kader,Costa Rica,squad_size_vs_edition,warn,22,21,1 off this page's modal squad size (8 of 22 squads are 22)
u20m2007,de,U-20-Fußball-Weltmeisterschaft 2007/Kader,Japan,squad_size_vs_edition,warn,22,21,1 off this page's modal squad size (8 of 22 squads are 22)
u20m2007,de,U-20-Fußball-Weltmeisterschaft 2007/Kader,New Zealand,squad_size_vs_edition,warn,22,20,2 off this page's modal squad size (8 of 22 squads are 22)
u20m2007,de,U-20-Fußball-Weltmeisterschaft 2007/Kader,Nigeria,squad_size_vs_edition,error,22,18,4 off this page's modal squad size (8 of 22 squads are 22)
u20m2007,de,U-20-Fußball-Weltmeisterschaft 2007/Kader,North Korea,squad_size_vs_edition,warn,22,21,1 off this page's modal squad size (8 of 22 squads are 22)
u20m2007,de,U-20-Fußball-Weltmeisterschaft 2007/Kader,Panama,squad_size_vs_edition,error,22,12,10 off this page's modal squad size (8 of 22 squads are 22)
u20m2007,de,U-20-Fußball-Weltmeisterschaft 2007/Kader,Poland,squad_size_vs_edition,error,22,18,4 off this page's modal squad size (8 of 22 squads are 22)
u20m2007,de,U-20-Fußball-Weltmeisterschaft 2007/Kader,Portugal,squad_size_vs_edition,warn,22,20,2 off this page's modal squad size (8 of 22 squads are 22)
u20m2007,de,U-20-Fußball-Weltmeisterschaft 2007/Kader,South Korea,squad_size_vs_edition,error,22,19,3 off this page's modal squad size (8 of 22 squads are 22)
u20m2007,de,U-20-Fußball-Weltmeisterschaft 2007/Kader,Spain,squad_size_vs_edition,warn,22,21,1 off this page's modal squad size (8 of 22 squads are 22)
u20m2007,de,U-20-Fußball-Weltmeisterschaft 2007/Kader,Zambia,squad_size_vs_edition,error,22,16,6 off this page's modal squad size (8 of 22 squads are 22)
u20m2009,de,U-20-Fußball-Weltmeisterschaft 2009/Kader,,team_count,error,24,17,"matched: Australia, Brazil, Costa Rica, Czech Republic, England, Germany, Ghana, Hungary, Italy, Nigeria, Paraguay, South Korea, Spain, Trinidad and Tobago, United Arab Emirates, United States, Uruguay"
u20m2009,de,U-20-Fußball-Weltmeisterschaft 2009/Kader,,unmatched_section,warn,matched,unmatched,"heading 'Ägypten', 20 rows"
u20m2009,de,U-20-Fußball-Weltmeisterschaft 2009/Kader,,unmatched_section,warn,matched,unmatched,"heading 'Tahiti', 14 rows"
u20m2009,de,U-20-Fußball-Weltmeisterschaft 2009/Kader,,unmatched_section,warn,matched,unmatched,"heading 'Venezuela', 17 rows"
u20m2009,de,U-20-Fußball-Weltmeisterschaft 2009/Kader,,unmatched_section,warn,matched,unmatched,"heading 'Kamerun', 18 rows"
u20m2009,de,U-20-Fußball-Weltmeisterschaft 2009/Kader,,unmatched_section,warn,matched,unmatched,"heading 'Usbekistan', 21 rows"
u20m2009,de,U-20-Fußball-Weltmeisterschaft 2009/Kader,,unmatched_section,warn,matched,unmatched,"heading 'Honduras', 19 rows"
u20m2009,de,U-20-Fußball-Weltmeisterschaft 2009/Kader,,unmatched_section,warn,matched,unmatched,"heading 'Südafrika', 21 rows"
u20m2009,de,U-20-Fußball-Weltmeisterschaft 2009/Kader,Nigeria,squad_size_band,error,18-23,16,local squad size outside the plausible band
u20m2009,de,U-20-Fußball-Weltmeisterschaft 2009/Kader,Australia,squad_size_vs_edition,warn,21,22,1 off this page's modal squad size (9 of 17 squads are 21)
u20m2009,de,U-20-Fußball-Weltmeisterschaft 2009/Kader,Costa Rica,squad_size_vs_edition,warn,21,20,1 off this page's modal squad size (9 of 17 squads are 21)
u20m2009,de,U-20-Fußball-Weltmeisterschaft 2009/Kader,Czech Republic,squad_size_vs_edition,warn,21,22,1 off this page's modal squad size (9 of 17 squads are 21)
u20m2009,de,U-20-Fußball-Weltmeisterschaft 2009/Kader,Germany,squad_size_vs_edition,warn,21,22,1 off this page's modal squad size (9 of 17 squads are 21)
u20m2009,de,U-20-Fußball-Weltmeisterschaft 2009/Kader,Nigeria,squad_size_vs_edition,error,21,16,5 off this page's modal squad size (9 of 17 squads are 21)
u20m2009,de,U-20-Fußball-Weltmeisterschaft 2009/Kader,Spain,squad_size_vs_edition,warn,21,22,1 off this page's modal squad size (9 of 17 squads are 21)
u20m2009,de,U-20-Fußball-Weltmeisterschaft 2009/Kader,Trinidad and Tobago,squad_size_vs_edition,error,21,18,3 off this page's modal squad size (9 of 17 squads are 21)
u20m2009,de,U-20-Fußball-Weltmeisterschaft 2009/Kader,Uruguay,squad_size_vs_edition,warn,21,22,1 off this page's modal squad size (9 of 17 squads are 21)
u20m2011,es,Anexo:Equipos participantes en la Copa Mundial de Fútbol Sub-20 de 2011,,team_count,error,24,0,matched: 
u20m2011,es,Anexo:Equipos participantes en la Copa Mundial de Fútbol Sub-20 de 2011,,unmatched_section,warn,matched,unmatched,"heading '(lead)', 24 rows"
u20m2011,es,Anexo:Equipos participantes en la Copa Mundial de Fútbol Sub-20 de 2011,,unmatched_section,warn,matched,unmatched,"heading 'Enlaces externos', 1 rows"
u20m2013,es,Anexo:Equipos participantes en la Copa Mundial de Fútbol Sub-20 de 2013,,team_count,error,24,20,"matched: Australia, Chile, Colombia, Croatia, Cuba, Egypt, El Salvador, England, France, Ghana, Greece, Mexico, New Zealand, Nigeria, Paraguay, Portugal, Spain, Turkey, United States, Uruguay"
u20m2013,es,Anexo:Equipos participantes en la Copa Mundial de Fútbol Sub-20 de 2013,,unmatched_section,warn,matched,unmatched,"heading 'Corea del Sur (KOR)', 21 rows"
u20m2013,es,Anexo:Equipos participantes en la Copa Mundial de Fútbol Sub-20 de 2013,,unmatched_section,warn,matched,unmatched,"heading 'Malí (MLI)', 21 rows"
u20m2013,es,Anexo:Equipos participantes en la Copa Mundial de Fútbol Sub-20 de 2013,,unmatched_section,warn,matched,unmatched,"heading 'Irak (IRQ)', 21 rows"
u20m2013,es,Anexo:Equipos participantes en la Copa Mundial de Fútbol Sub-20 de 2013,,unmatched_section,warn,matched,unmatched,"heading 'Uzbekistán (UZB)', 21 rows"
u20m2013,es,Anexo:Equipos participantes en la Copa Mundial de Fútbol Sub-20 de 2013,,unmatched_section,warn,matched,unmatched,"heading 'Enlaces externos', 1 rows"
u20m2013,ru,Чемпионат мира по футболу среди молодёжных команд 2013 (составы),Colombia,attach_note,warn,,,shirt-number concordance 15/16 - numbers not trusted
u20m2013,ru,Чемпионат мира по футболу среди молодёжных команд 2013 (составы),,team_count,error,24,16,"matched: Australia, Chile, Colombia, France, Ghana, Greece, Mali, Mexico, Nigeria, Paraguay, Portugal, Spain, Turkey, United States, Uruguay, Uzbekistan"
u20m2013,ru,Чемпионат мира по футболу среди молодёжных команд 2013 (составы),,unmatched_section,warn,matched,unmatched,"heading 'Куба', 22 rows"
u20m2013,ru,Чемпионат мира по футболу среди молодёжных команд 2013 (составы),,unmatched_section,warn,matched,unmatched,"heading 'Южная Корея', 22 rows"
u20m2013,ru,Чемпионат мира по футболу среди молодёжных команд 2013 (составы),,unmatched_section,warn,matched,unmatched,"heading 'Сальвадор', 22 rows"
u20m2013,ru,Чемпионат мира по футболу среди молодёжных команд 2013 (составы),,unmatched_section,warn,matched,unmatched,"heading 'Ссылки', 3 rows"
u20m2013,ru,Чемпионат мира по футболу среди молодёжных команд 2013 (составы),Mali,squad_size_vs_edition,warn,22,21,1 off this page's modal squad size (13 of 16 squads are 22)
u20m2013,ru,Чемпионат мира по футболу среди молодёжных команд 2013 (составы),Portugal,squad_size_vs_edition,warn,22,21,1 off this page's modal squad size (13 of 16 squads are 22)
u20m2013,ru,Чемпионат мира по футболу среди молодёжных команд 2013 (составы),Uzbekistan,squad_size_vs_edition,warn,22,21,1 off this page's modal squad size (13 of 16 squads are 22)
u20m2013,ar,قوائم كأس العالم للشباب تحت 20 سنة 2013,,unmatched_section,warn,matched,unmatched,"heading '(lead)', 1 rows"
u20m2013,ar,قوائم كأس العالم للشباب تحت 20 سنة 2013,,unmatched_section,warn,matched,unmatched,"heading 'احصائيات', 14 rows"
u20m2013,ar,قوائم كأس العالم للشباب تحت 20 سنة 2013,,unmatched_section,warn,matched,unmatched,"heading 'روابط خارجية', 4 rows"
u20m2015,ru,Чемпионат мира по футболу среди молодёжных команд 2015 (составы),Honduras,attach_note,warn,,,shirt-number concordance 7/8 - numbers not trusted
u20m2015,ru,Чемпионат мира по футболу среди молодёжных команд 2015 (составы),Serbia,attach_note,warn,,,shirt-number concordance 19/20 - numbers not trusted
u20m2015,ru,Чемпионат мира по футболу среди молодёжных команд 2015 (составы),,team_count,error,24,21,"matched: Argentina, Austria, Brazil, Colombia, Germany, Ghana, Honduras, Hungary, Mali, Mexico, New Zealand, Nigeria, Panama, Portugal, Qatar, Senegal, Serbia, Ukraine, United States, Uruguay, Uzbekistan"
u20m2015,ru,Чемпионат мира по футболу среди молодёжных команд 2015 (составы),,unmatched_section,warn,matched,unmatched,"heading 'Мьянма', 22 rows"
u20m2015,ru,Чемпионат мира по футболу среди молодёжных команд 2015 (составы),,unmatched_section,warn,matched,unmatched,"heading 'КНДР', 22 rows"
u20m2015,ru,Чемпионат мира по футболу среди молодёжных команд 2015 (составы),,unmatched_section,warn,matched,unmatched,"heading 'Фиджи', 22 rows"
u20m2015,ru,Чемпионат мира по футболу среди молодёжных команд 2015 (составы),,unmatched_section,warn,matched,unmatched,"heading 'Примечания', 3 rows"
u20m2015,uz,FIFA U-20 Jahon chempionati 2015 jamoalar tarkibi,,team_count,error,24,4,"matched: Germany, Serbia, United States, Uzbekistan"
u20m2015,uz,FIFA U-20 Jahon chempionati 2015 jamoalar tarkibi,,unmatched_section,warn,matched,unmatched,"heading 'Yangi Zelandiya', 21 rows"
u20m2015,uz,FIFA U-20 Jahon chempionati 2015 jamoalar tarkibi,,unmatched_section,warn,matched,unmatched,"heading 'Ukraina', 21 rows"
u20m2015,uz,FIFA U-20 Jahon chempionati 2015 jamoalar tarkibi,,unmatched_section,warn,matched,unmatched,"heading 'Birma', 21 rows"
u20m2015,uz,FIFA U-20 Jahon chempionati 2015 jamoalar tarkibi,,unmatched_section,warn,matched,unmatched,"heading 'Argentina', 21 rows"
u20m2015,uz,FIFA U-20 Jahon chempionati 2015 jamoalar tarkibi,,unmatched_section,warn,matched,unmatched,"heading 'Panama', 21 rows"
u20m2015,uz,FIFA U-20 Jahon chempionati 2015 jamoalar tarkibi,,unmatched_section,warn,matched,unmatched,"heading 'Gana', 21 rows"
u20m2015,uz,FIFA U-20 Jahon chempionati 2015 jamoalar tarkibi,,unmatched_section,warn,matched,unmatched,"heading 'Austriya', 21 rows"
u20m2015,uz,FIFA U-20 Jahon chempionati 2015 jamoalar tarkibi,,unmatched_section,warn,matched,unmatched,"heading 'Qatar', 21 rows"
u20m2015,uz,FIFA U-20 Jahon chempionati 2015 jamoalar tarkibi,,unmatched_section,warn,matched,unmatched,"heading 'Kolumbiya', 21 rows"
u20m2015,uz,FIFA U-20 Jahon chempionati 2015 jamoalar tarkibi,,unmatched_section,warn,matched,unmatched,"heading 'Portugaliya', 21 rows"
u20m2015,uz,FIFA U-20 Jahon chempionati 2015 jamoalar tarkibi,,unmatched_section,warn,matched,unmatched,"heading 'Senegal', 21 rows"
u20m2015,uz,FIFA U-20 Jahon chempionati 2015 jamoalar tarkibi,,unmatched_section,warn,matched,unmatched,"heading 'Meksika', 21 rows"
u20m2015,uz,FIFA U-20 Jahon chempionati 2015 jamoalar tarkibi,,unmatched_section,warn,matched,unmatched,"heading 'Mali', 21 rows"
u20m2015,uz,FIFA U-20 Jahon chempionati 2015 jamoalar tarkibi,,unmatched_section,warn,matched,unmatched,"heading 'Urugvay', 21 rows"
u20m2015,uz,FIFA U-20 Jahon chempionati 2015 jamoalar tarkibi,,unmatched_section,warn,matched,unmatched,"heading 'Nigeriya', 21 rows"
u20m2015,uz,FIFA U-20 Jahon chempionati 2015 jamoalar tarkibi,,unmatched_section,warn,matched,unmatched,"heading 'Braziliya', 21 rows"
u20m2015,uz,FIFA U-20 Jahon chempionati 2015 jamoalar tarkibi,,unmatched_section,warn,matched,unmatched,"heading 'Shimoliy Koreya', 21 rows"
u20m2015,uz,FIFA U-20 Jahon chempionati 2015 jamoalar tarkibi,,unmatched_section,warn,matched,unmatched,"heading 'Mojariston', 21 rows"
u20m2015,uz,FIFA U-20 Jahon chempionati 2015 jamoalar tarkibi,,unmatched_section,warn,matched,unmatched,"heading 'Fiji', 21 rows"
u20m2015,uz,FIFA U-20 Jahon chempionati 2015 jamoalar tarkibi,,unmatched_section,warn,matched,unmatched,"heading 'Gonduras', 21 rows"
u20m2015,uz,FIFA U-20 Jahon chempionati 2015 jamoalar tarkibi,,unmatched_section,warn,matched,unmatched,"heading 'Havolalar', 3 rows"
u20m2017,es,Anexo:Equipos participantes en la Copa Mundial de Fútbol Sub-20 de 2017,,team_count,error,24,20,"matched: Argentina, Costa Rica, Ecuador, England, France, Germany, Honduras, Italy, Japan, Mexico, New Zealand, Portugal, Saudi Arabia, South Korea, United States, Uruguay, Vanuatu, Venezuela, Vietnam, Zambia"
u20m2017,es,Anexo:Equipos participantes en la Copa Mundial de Fútbol Sub-20 de 2017,,unmatched_section,warn,matched,unmatched,"heading 'Guinea', 22 rows"
u20m2017,es,Anexo:Equipos participantes en la Copa Mundial de Fútbol Sub-20 de 2017,,unmatched_section,warn,matched,unmatched,"heading 'Irán', 22 rows"
u20m2017,es,Anexo:Equipos participantes en la Copa Mundial de Fútbol Sub-20 de 2017,,unmatched_section,warn,matched,unmatched,"heading 'Sudáfrica', 22 rows"
u20m2017,es,Anexo:Equipos participantes en la Copa Mundial de Fútbol Sub-20 de 2017,,unmatched_section,warn,matched,unmatched,"heading 'Senegal', 22 rows"
u20m2017,es,Anexo:Equipos participantes en la Copa Mundial de Fútbol Sub-20 de 2017,,unmatched_section,warn,matched,unmatched,"heading 'Referencias', 1 rows"
u20m2017,vi,Danh sách cầu thủ tham dự Giải vô địch bóng đá U-20 thế giới 2017,,team_count,error,24,11,"matched: Argentina, England, France, Iran, Italy, Japan, Portugal, South Korea, United States, Uruguay, Vietnam"
u20m2017,vi,Danh sách cầu thủ tham dự Giải vô địch bóng đá U-20 thế giới 2017,,unmatched_section,warn,matched,unmatched,"heading 'Guinea', 21 rows"
u20m2017,vi,Danh sách cầu thủ tham dự Giải vô địch bóng đá U-20 thế giới 2017,,unmatched_section,warn,matched,unmatched,"heading 'Venezuela', 21 rows"
u20m2017,vi,Danh sách cầu thủ tham dự Giải vô địch bóng đá U-20 thế giới 2017,,unmatched_section,warn,matched,unmatched,"heading 'Đức', 21 rows"
u20m2017,vi,Danh sách cầu thủ tham dự Giải vô địch bóng đá U-20 thế giới 2017,,unmatched_section,warn,matched,unmatched,"heading 'Vanuatu', 21 rows"
u20m2017,vi,Danh sách cầu thủ tham dự Giải vô địch bóng đá U-20 thế giới 2017,,unmatched_section,warn,matched,unmatched,"heading 'México', 21 rows"
u20m2017,vi,Danh sách cầu thủ tham dự Giải vô địch bóng đá U-20 thế giới 2017,,unmatched_section,warn,matched,unmatched,"heading 'Zambia', 21 rows"
u20m2017,vi,Danh sách cầu thủ tham dự Giải vô địch bóng đá U-20 thế giới 2017,,unmatched_section,warn,matched,unmatched,"heading 'Costa Rica', 21 rows"
u20m2017,vi,Danh sách cầu thủ tham dự Giải vô địch bóng đá U-20 thế giới 2017,,unmatched_section,warn,matched,unmatched,"heading 'Nam Phi', 21 rows"
u20m2017,vi,Danh sách cầu thủ tham dự Giải vô địch bóng đá U-20 thế giới 2017,,unmatched_section,warn,matched,unmatched,"heading 'Honduras', 21 rows"
u20m2017,vi,Danh sách cầu thủ tham dự Giải vô địch bóng đá U-20 thế giới 2017,,unmatched_section,warn,matched,unmatched,"heading 'New Zealand', 21 rows"
u20m2017,vi,Danh sách cầu thủ tham dự Giải vô địch bóng đá U-20 thế giới 2017,,unmatched_section,warn,matched,unmatched,"heading 'Ecuador', 21 rows"
u20m2017,vi,Danh sách cầu thủ tham dự Giải vô địch bóng đá U-20 thế giới 2017,,unmatched_section,warn,matched,unmatched,"heading 'Ả Rập Xê Út', 21 rows"
u20m2017,vi,Danh sách cầu thủ tham dự Giải vô địch bóng đá U-20 thế giới 2017,,unmatched_section,warn,matched,unmatched,"heading 'Sénégal', 21 rows"
u20m2017,vi,Danh sách cầu thủ tham dự Giải vô địch bóng đá U-20 thế giới 2017,,unmatched_section,warn,matched,unmatched,"heading 'Liên kết ngoài', 4 rows"
u20w2008,de,U-20-Fußball-Weltmeisterschaft der Frauen 2008/Kader,,team_count,error,16,10,"matched: Canada, England, France, Germany, Japan, Mexico, New Zealand, Nigeria, Norway, United States"
u20w2008,de,U-20-Fußball-Weltmeisterschaft der Frauen 2008/Kader,,unmatched_section,warn,matched,unmatched,"heading 'Chile', 2 rows"
u20w2008,de,U-20-Fußball-Weltmeisterschaft der Frauen 2008/Kader,,unmatched_section,warn,matched,unmatched,"heading 'Argentinien', 1 rows"
u20w2008,de,U-20-Fußball-Weltmeisterschaft der Frauen 2008/Kader,,unmatched_section,warn,matched,unmatched,"heading 'China', 5 rows"
u20w2008,de,U-20-Fußball-Weltmeisterschaft der Frauen 2008/Kader,,unmatched_section,warn,matched,unmatched,"heading 'Brasilien', 3 rows"
u20w2008,de,U-20-Fußball-Weltmeisterschaft der Frauen 2008/Kader,,unmatched_section,warn,matched,unmatched,"heading 'Nordkorea', 1 rows"
u20w2008,de,U-20-Fußball-Weltmeisterschaft der Frauen 2008/Kader,Canada,squad_size_band,error,18-23,7,local squad size outside the plausible band
u20w2008,de,U-20-Fußball-Weltmeisterschaft der Frauen 2008/Kader,France,squad_size_band,error,18-23,16,local squad size outside the plausible band
u20w2008,de,U-20-Fußball-Weltmeisterschaft der Frauen 2008/Kader,Japan,squad_size_band,error,18-23,14,local squad size outside the plausible band
u20w2008,de,U-20-Fußball-Weltmeisterschaft der Frauen 2008/Kader,Mexico,squad_size_band,error,18-23,8,local squad size outside the plausible band
u20w2008,de,U-20-Fußball-Weltmeisterschaft der Frauen 2008/Kader,New Zealand,squad_size_band,error,18-23,10,local squad size outside the plausible band
u20w2008,de,U-20-Fußball-Weltmeisterschaft der Frauen 2008/Kader,Nigeria,squad_size_band,error,18-23,6,local squad size outside the plausible band
u20w2008,de,U-20-Fußball-Weltmeisterschaft der Frauen 2008/Kader,Canada,squad_size_vs_edition,error,18,7,11 off this page's modal squad size (2 of 10 squads are 18)
u20w2008,de,U-20-Fußball-Weltmeisterschaft der Frauen 2008/Kader,France,squad_size_vs_edition,warn,18,16,2 off this page's modal squad size (2 of 10 squads are 18)
u20w2008,de,U-20-Fußball-Weltmeisterschaft der Frauen 2008/Kader,Germany,squad_size_vs_edition,error,18,22,4 off this page's modal squad size (2 of 10 squads are 18)
u20w2008,de,U-20-Fußball-Weltmeisterschaft der Frauen 2008/Kader,Japan,squad_size_vs_edition,error,18,14,4 off this page's modal squad size (2 of 10 squads are 18)
u20w2008,de,U-20-Fußball-Weltmeisterschaft der Frauen 2008/Kader,Mexico,squad_size_vs_edition,error,18,8,10 off this page's modal squad size (2 of 10 squads are 18)
u20w2008,de,U-20-Fußball-Weltmeisterschaft der Frauen 2008/Kader,New Zealand,squad_size_vs_edition,error,18,10,8 off this page's modal squad size (2 of 10 squads are 18)
u20w2008,de,U-20-Fußball-Weltmeisterschaft der Frauen 2008/Kader,Nigeria,squad_size_vs_edition,error,18,6,12 off this page's modal squad size (2 of 10 squads are 18)
u20w2008,de,U-20-Fußball-Weltmeisterschaft der Frauen 2008/Kader,Norway,squad_size_vs_edition,warn,18,19,1 off this page's modal squad size (2 of 10 squads are 18)
u20w2010,ja,2010 FIFA U-20女子ワールドカップ参加チーム,,team_count,error,16,1,matched: Japan
u20w2010,ja,2010 FIFA U-20女子ワールドカップ参加チーム,,unmatched_section,warn,matched,unmatched,"heading '(lead)', 1 rows"
u20w2010,ja,2010 FIFA U-20女子ワールドカップ参加チーム,,unmatched_section,warn,matched,unmatched,"heading 'ドイツ', 21 rows"
u20w2010,ja,2010 FIFA U-20女子ワールドカップ参加チーム,,unmatched_section,warn,matched,unmatched,"heading 'コスタリカ', 21 rows"
u20w2010,ja,2010 FIFA U-20女子ワールドカップ参加チーム,,unmatched_section,warn,matched,unmatched,"heading 'コロンビア', 21 rows"
u20w2010,ja,2010 FIFA U-20女子ワールドカップ参加チーム,,unmatched_section,warn,matched,unmatched,"heading 'フランス', 21 rows"
u20w2010,ja,2010 FIFA U-20女子ワールドカップ参加チーム,,unmatched_section,warn,matched,unmatched,"heading 'スウェーデン', 21 rows"
u20w2010,ja,2010 FIFA U-20女子ワールドカップ参加チーム,,unmatched_section,warn,matched,unmatched,"heading '朝鮮民主主義人民共和国', 21 rows"
u20w2010,ja,2010 FIFA U-20女子ワールドカップ参加チーム,,unmatched_section,warn,matched,unmatched,"heading 'ニュージーランド', 21 rows"
u20w2010,ja,2010 FIFA U-20女子ワールドカップ参加チーム,,unmatched_section,warn,matched,unmatched,"heading 'ブラジル', 21 rows"
u20w2010,ja,2010 FIFA U-20女子ワールドカップ参加チーム,,unmatched_section,warn,matched,unmatched,"heading 'イングランド', 21 rows"
u20w2010,ja,2010 FIFA U-20女子ワールドカップ参加チーム,,unmatched_section,warn,matched,unmatched,"heading 'ナイジェリア', 21 rows"
u20w2010,ja,2010 FIFA U-20女子ワールドカップ参加チーム,,unmatched_section,warn,matched,unmatched,"heading 'メキシコ', 21 rows"
u20w2010,ja,2010 FIFA U-20女子ワールドカップ参加チーム,,unmatched_section,warn,matched,unmatched,"heading 'アメリカ合衆国', 21 rows"
u20w2010,ja,2010 FIFA U-20女子ワールドカップ参加チーム,,unmatched_section,warn,matched,unmatched,"heading 'ガーナ', 21 rows"
u20w2010,ja,2010 FIFA U-20女子ワールドカップ参加チーム,,unmatched_section,warn,matched,unmatched,"heading 'スイス', 21 rows"
u20w2010,ja,2010 FIFA U-20女子ワールドカップ参加チーム,,unmatched_section,warn,matched,unmatched,"heading '大韓民国', 21 rows"
u20w2010,ja,2010 FIFA U-20女子ワールドカップ参加チーム,,unmatched_section,warn,matched,unmatched,"heading '脚注', 2 rows"
u20w2012,ko,2012년 FIFA U-20 여자 월드컵 선수 명단,,team_count,error,16,0,matched: 
u20w2012,ko,2012년 FIFA U-20 여자 월드컵 선수 명단,,unmatched_section,warn,matched,unmatched,"heading '일본', 1 rows"
u20w2012,ko,2012년 FIFA U-20 여자 월드컵 선수 명단,,unmatched_section,warn,matched,unmatched,"heading '대한민국', 1 rows"
u20w2012,ko,2012년 FIFA U-20 여자 월드컵 선수 명단,,unmatched_section,warn,matched,unmatched,"heading '가나', 3 rows"
u20w2014,vi,Danh sách cầu thủ tham dự Giải vô địch bóng đá nữ U-20 thế giới 2014,,team_count,error,16,1,matched: Nigeria
u20w2014,vi,Danh sách cầu thủ tham dự Giải vô địch bóng đá nữ U-20 thế giới 2014,,unmatched_section,warn,matched,unmatched,"heading 'Canada', 21 rows"
u20w2014,vi,Danh sách cầu thủ tham dự Giải vô địch bóng đá nữ U-20 thế giới 2014,,unmatched_section,warn,matched,unmatched,"heading 'Ghana', 21 rows"
u20w2014,vi,Danh sách cầu thủ tham dự Giải vô địch bóng đá nữ U-20 thế giới 2014,,unmatched_section,warn,matched,unmatched,"heading 'Phần Lan', 21 rows"
u20w2014,vi,Danh sách cầu thủ tham dự Giải vô địch bóng đá nữ U-20 thế giới 2014,,unmatched_section,warn,matched,unmatched,"heading 'CHDCND Triều Tiên', 21 rows"
u20w2014,vi,Danh sách cầu thủ tham dự Giải vô địch bóng đá nữ U-20 thế giới 2014,,unmatched_section,warn,matched,unmatched,"heading 'Đức', 21 rows"
u20w2014,vi,Danh sách cầu thủ tham dự Giải vô địch bóng đá nữ U-20 thế giới 2014,,unmatched_section,warn,matched,unmatched,"heading 'Hoa Kỳ', 21 rows"
u20w2014,vi,Danh sách cầu thủ tham dự Giải vô địch bóng đá nữ U-20 thế giới 2014,,unmatched_section,warn,matched,unmatched,"heading 'Trung Quốc', 21 rows"
u20w2014,vi,Danh sách cầu thủ tham dự Giải vô địch bóng đá nữ U-20 thế giới 2014,,unmatched_section,warn,matched,unmatched,"heading 'Brasil', 21 rows"
u20w2014,vi,Danh sách cầu thủ tham dự Giải vô địch bóng đá nữ U-20 thế giới 2014,,unmatched_section,warn,matched,unmatched,"heading 'Anh', 21 rows"
u20w2014,vi,Danh sách cầu thủ tham dự Giải vô địch bóng đá nữ U-20 thế giới 2014,,unmatched_section,warn,matched,unmatched,"heading 'Hàn Quốc', 21 rows"
u20w2014,vi,Danh sách cầu thủ tham dự Giải vô địch bóng đá nữ U-20 thế giới 2014,,unmatched_section,warn,matched,unmatched,"heading 'México', 21 rows"
u20w2014,vi,Danh sách cầu thủ tham dự Giải vô địch bóng đá nữ U-20 thế giới 2014,,unmatched_section,warn,matched,unmatched,"heading 'New Zealand', 21 rows"
u20w2014,vi,Danh sách cầu thủ tham dự Giải vô địch bóng đá nữ U-20 thế giới 2014,,unmatched_section,warn,matched,unmatched,"heading 'Paraguay', 21 rows"
u20w2014,vi,Danh sách cầu thủ tham dự Giải vô địch bóng đá nữ U-20 thế giới 2014,,unmatched_section,warn,matched,unmatched,"heading 'Pháp', 21 rows"
u20w2014,vi,Danh sách cầu thủ tham dự Giải vô địch bóng đá nữ U-20 thế giới 2014,,unmatched_section,warn,matched,unmatched,"heading 'Costa Rica', 21 rows"
u20w2014,vi,Danh sách cầu thủ tham dự Giải vô địch bóng đá nữ U-20 thế giới 2014,,unmatched_section,warn,matched,unmatched,"heading 'Liên kết ngoài', 3 rows"
u20w2016,vi,Danh sách cầu thủ tham dự Giải vô địch bóng đá nữ U-20 thế giới 2016,,team_count,error,16,1,matched: Japan
u20w2016,vi,Danh sách cầu thủ tham dự Giải vô địch bóng đá nữ U-20 thế giới 2016,,unmatched_section,warn,matched,unmatched,"heading 'Papua New Guinea', 21 rows"
u20w2016,vi,Danh sách cầu thủ tham dự Giải vô địch bóng đá nữ U-20 thế giới 2016,,unmatched_section,warn,matched,unmatched,"heading 'Brasil', 21 rows"
u20w2016,vi,Danh sách cầu thủ tham dự Giải vô địch bóng đá nữ U-20 thế giới 2016,,unmatched_section,warn,matched,unmatched,"heading 'Thụy Điển', 21 rows"
u20w2016,vi,Danh sách cầu thủ tham dự Giải vô địch bóng đá nữ U-20 thế giới 2016,,unmatched_section,warn,matched,unmatched,"heading 'Triều Tiên', 21 rows"
u20w2016,vi,Danh sách cầu thủ tham dự Giải vô địch bóng đá nữ U-20 thế giới 2016,,unmatched_section,warn,matched,unmatched,"heading 'Tây Ban Nha', 21 rows"
u20w2016,vi,Danh sách cầu thủ tham dự Giải vô địch bóng đá nữ U-20 thế giới 2016,,unmatched_section,warn,matched,unmatched,"heading 'Canada', 21 rows"
u20w2016,vi,Danh sách cầu thủ tham dự Giải vô địch bóng đá nữ U-20 thế giới 2016,,unmatched_section,warn,matched,unmatched,"heading 'Nigeria', 21 rows"
u20w2016,vi,Danh sách cầu thủ tham dự Giải vô địch bóng đá nữ U-20 thế giới 2016,,unmatched_section,warn,matched,unmatched,"heading 'Pháp', 21 rows"
u20w2016,vi,Danh sách cầu thủ tham dự Giải vô địch bóng đá nữ U-20 thế giới 2016,,unmatched_section,warn,matched,unmatched,"heading 'Hoa Kỳ', 21 rows"
u20w2016,vi,Danh sách cầu thủ tham dự Giải vô địch bóng đá nữ U-20 thế giới 2016,,unmatched_section,warn,matched,unmatched,"heading 'Ghana', 21 rows"
u20w2016,vi,Danh sách cầu thủ tham dự Giải vô địch bóng đá nữ U-20 thế giới 2016,,unmatched_section,warn,matched,unmatched,"heading 'New Zealand', 21 rows"
u20w2016,vi,Danh sách cầu thủ tham dự Giải vô địch bóng đá nữ U-20 thế giới 2016,,unmatched_section,warn,matched,unmatched,"heading 'Đức', 21 rows"
u20w2016,vi,Danh sách cầu thủ tham dự Giải vô địch bóng đá nữ U-20 thế giới 2016,,unmatched_section,warn,matched,unmatched,"heading 'Venezuela', 21 rows"
u20w2016,vi,Danh sách cầu thủ tham dự Giải vô địch bóng đá nữ U-20 thế giới 2016,,unmatched_section,warn,matched,unmatched,"heading 'México', 21 rows"
u20w2016,vi,Danh sách cầu thủ tham dự Giải vô địch bóng đá nữ U-20 thế giới 2016,,unmatched_section,warn,matched,unmatched,"heading 'Hàn Quốc', 21 rows"
u20w2016,vi,Danh sách cầu thủ tham dự Giải vô địch bóng đá nữ U-20 thế giới 2016,,unmatched_section,warn,matched,unmatched,"heading 'Tham khảo', 3 rows"
u20w2018,ko,2018년 FIFA U-20 여자 월드컵 선수 명단,,team_count,error,16,0,matched: 
u20w2018,ko,2018년 FIFA U-20 여자 월드컵 선수 명단,,unmatched_section,warn,matched,unmatched,"heading '일본', 1 rows"
u20w2018,ko,2018년 FIFA U-20 여자 월드컵 선수 명단,,unmatched_section,warn,matched,unmatched,"heading '아이티', 3 rows"
